100 Rifles,,
101 Reykjavik,,
Salo,,
"Murder, She Said",Le crime est notre affaire,,
48 Shades,,
491,,
50 Ways of Saying Fabulous,,
The Ambassador,52 Pick-Up,,
633 Squadron,,
The Alphabet Murders,The A.B.C. Murders,,
The Accidental Tourist,,
Across 110th Street,,
Adam Resurrected,,
Paper Moon,,
Green Tea,,
Adolphe,,
The Adventurers,,
Alatriste,,
The Adventures of Hajji Baba,,
Huck and Tom,Huckleberry Finn,Huckleberry Finn,Huck Finn,The Adventures of Huckleberry Finn,The Adventures of Huckleberry Finn,The Adventures of Huckleberry Finn,Huckleberry Finn,Hopelessly Lost,Huckleberry Finn,The Adventures of Huckleberry Finn,Adventures of Huckleberry Finn,The Adventures of Mark Twain,Back to Hannibal: The Return of Tom Sawyer and Huckleberry Finn,The Adventures of Huck Finn,Tom and Huck,Tomato Sawyer and Huckleberry Larry's Big River Rescue,,
The Adventures of Pinocchio,Pinocchio,Pinocchio,The Adventures of Buratino,Pinocchio in Outer Space,Pinocchio,Pinocchio,The Adventures of Buratino,Pinocchio,The Adventures of Pinocchio,Pinocchio and the Emperor of the Night,964 Pinocchio,Pinocchio,Pinocchio's Revenge,The Adventures of Pinocchio,Geppetto,A.I. Artificial Intelligence,A Tree of Palme,Pinocchio,Pinocchio 3000,Pinocchio,Pistachio - The Little Boy That Woodn't,,
Adventures of Sherlock Holmes," or, Held for Ransom",The Adventures of Sherlock Holmes,The Adventures of Sherlock Holmes,The Adventures of Sherlock Holmes and Dr. Watson,Sheerluck Holmes and the Golden Ruler,,
Tom Sawyer,Tom Sawyer,Huck and Tom,Tom Sawyer,Huckleberry Finn,The Adventures of Tom Sawyer,Tom Sawyer,The Adventures of Mark Twain,Tom Sawyer,Huckleberry Finn,Tom Sawyer,Huckleberry Finn,Tom Sawyer,The Adventures of Mark Twain,Back to Hannibal: The Return of Tom Sawyer and Huckleberry Finn,Tom and Huck,Tom Sawyer,,
Advise and Consent,,
Aelita,,
The African Queen,,
"After Dark, My Sweet",,
Carlito's Way 1993,,
Murder at the Gallop,,
Goodbye Again,Jahan Tum Le Chalo,,
Airborn,,
Alice Adams,Alice Adams,,
Allan Quatermain and the Lost City of Gold,,
All Fall Down,,
All the Rivers Run,,
Hanyut,Almayer's Folly,,
Altered States,,
Always Another Dawn,,
Always Outnumbered,,
An American Dream,,
Americanese,,
American Splendor,,
A Place in the Sun,,
The Americanization of Emily,,
Intervista,Amerika,,
El Amor infiel,,
The Young Rajah,,
Amu,,
Anatomy of a Murder,,
And Now Tomorrow,,
The Anderson Tapes,,
The Andromeda Nebula,,
Angel 2007,,
Angel Square,,
Angels and Demons,,
Anglo-Saxon Attitudes,,
The Angry Hills,,
The Goalkeeper's Fear of the Penalty,,
Animal Farm,Animal Farm,,
Anna to the Infinite Power,,
Anne of Avonlea,Anne of Avonlea,,
Anne of Green Gables,Anne of Green Gables,Anne of Windy Poplars,Anne of Green Gables,Anne of Green Gables,Anne of Avonlea,Anne of Green Gables,Anne of Avonlea,Anne of Green Gables: The Continuing Story,Anne of Green Gables: A New Beginning,,
The Year of the Jellyfish,,
Masada,,
Anthony Adverse,,
Antikiller,,
Antonieta,,
Duel at Diablo,,
Apartment for Peggy,,
The Apocalypse Watch,,
The Apple Dumpling Gang,The Apple Dumpling Gang Rides Again,Tales from the Apple Dumpling Gang,,
Appointment with Death,,
Appointment with Venus,,
The Apprenticeship of Duddy Kravitz,,
Buck Rogers,Buck Rogers in the 25th Century,,
The Army of Shadows,,
The Man from Dakota,,
Arrowsmith 1931,,
El Asalto,,
Elevator to the Gallows,,
Ask the Dust,,
The Asphalt Jungle,The Badlanders,,
The Assassination Bureau,,
Gervaise,,
Assunta Spina,Assunta Spina,Assunta Spina,Assunta Spina,,
First Spaceship on Venus,,
Asylum 2005,,
Atlantis,,
Audrey Rose,,
The Auction Block,The Auction Block,,
Avalon High,,
The Aviator 1985,,
Away All Boats,,
Le Couperet,,
Ayat-Ayat Cinta,,
Baby Love,,
Back Street,Back Street,Back Street,,
Back When We Were Grownups,,
Background to Danger,,
Bad Girl 1931,,
The Bad Seed,The Bad Seed,The Bad Seed,,
Baise-moi,,
The Bait,,
Cat Ballou,,
The Flim-Flam Man,,
Balzac and the Little Chinese Seamstress,,
Band of Angels,,
Bank Shot,,
Third Man on the Mountain,,
The Barefoot Mailman,,
Bastard Out of Carolina,,
Battle Cry,,
The Battle of the Villa Fiorita,,
Battle Royale,Battle Royale II: Requiem,,
A Patch of Blue,,
The Beach,,
Beaches,,
The Young Warriors,,
La Bestia debe morir,The Beast Must Die,,
The Beast Within,,
Beat the Devil,,
Beau Brocade,,
Beau Geste,Beau Hunks,Beau Geste,Beau Geste,Follow That Camel,The Last Remake of Beau Geste,Beau Geste,,
Bedelia,,
The Public Enemy,,
Behind That Curtain,,
Being There,,
Bel Ami,The Private Affairs of Bel Ami,Bel Ami,Bel Ami,,
Belle de Jour,,
Belli Moda,,
Bellman and True,The Real McCoy,,
"Belphegor, Phantom of the Louvre",,
Son of Fury: The Story of Benjamin Blake,Treasure of the Golden Condor,,
Gasoline,,
Berlin - Alexanderplatz,Berlin Alexanderplatz,,
La bestia nel cuore,,
Die Bestie im Menschen,La Bete Humaine,Human Desire,La Bestia humana,Cruel Train,,
The Betsy,,
Beyond the Forest,,
Beyond This Place,Beyond This Place,Kala Pani,Web of Evidence,Poola Rangadu,,
The BFG,,
Somewhere in Time,,
Bidaya wa Nihaya,,
The Big Clock,No Way Out,,
The Big Fisherman,,
The Big Heat,,
Big Red,,
Biggles: Adventures in Time,It Couldn't Happen Here,,
Billion Dollar Brain,,
Billy Liar,,
Birdy,,
The Bishop's Wife,,
Biruma no tategoto,Biruma no tatekoto,,
The Biscuit Eater,The Biscuit Eater,,
The Bitch,,
The Bitter Tea of General Yen,,
The Leopard Man,,
Black Angel,,
The Black Arrow,The Black Arrow,The Black Arrow,Black Arrow,Chyornaya strela,The Black Arrow,,
Black Beauty,Black Beauty,Black Beauty,Courage of Black Beauty,Black Beauty,Black Beauty,Black Beauty,Black Beauty,,
The Black Camel,,
Street of Chance,,
Black Narcissus,,
The Chase,,
The Black Rose,,
Black Sunday,,
Blackboard Jungle,,
Blackbeard's Ghost,,
The Reckless Moment,The Deep End,,
Blaze of Noon,,
Bleak House,Bleak House,Bleak House,Bleak House,Bleak House,Bleak House,,
Bless the Beasts and Children,,
Count Your Blessings,,
Blood and Chocolate,,
The Blood Oranges,,
Blue Fin,,
Blueprint,,
Invasion of the Body Snatchers,Invasion of the Body Snatchers,Body Snatchers,The Invasion,Invasion of the Pod People,,
Bombaiyer Bombete,,
Bonjour Tristesse,,
Boogiepop and Others,,
Daniel,,
Man of the West,,
The Border Legion,The Last Round-Up,,
Bordertown,,
The Borrowers,The Borrowers,The Borrower Arrietty,,
The Bostonians,,
Boy on a Dolphin,,
The Bravados,,
The Brave Bulls,,
Lonely Are the Brave,,
The Brave Little Toaster,The Brave Little Toaster Goes to Mars,The Brave Little Toaster to the Rescue,,
Brave New World,Brave New World,Brave New World,,
Breakfast on Pluto,,
Breakfast with Scot,,
Breakheart Pass,,
Smith!,,
The Bridges at Toko-Ri,,
Brighton Rock,Brighton Rock,,
Elling,Mors Elling,Elsk meg i morgen,,
Behind the Sun,,
Brothers in Law,,
The Brothers Karamazov,The Brothers Karamazov,,
Brown's Requiem,,
Mister Buddwing,,
Buffalo Girls,,
Bump in the Night,,
Burglar,,
Don Juan 1926,,
The Burning Hills,,
,
Mountains of the Moon,,
The Busy Body,,
Gentlemen Marry Brunettes,,
The Adventures of Bullwhip Griffin,,
The Caine Mutiny,The Caine Mutiny Court-Martial,The Caine Mutiny Court-Martial,,
Cal,,
The Deadly Affair,,
Decision Before Dawn,,
The Call of the Wild,The Call of the Wild,"What a Nightmare, Charlie Brown!",The Call of the Wild,The Call of the Wild: Dog of the Yukon,Call of the Wild,Disney's The Call of the Wild,,
Candy,,
Canterbury Tales,,
Canyon Passage,,
Captain Blood,Captain Blood,Fortunes of Captain Blood,Captain Pirate,The Son of Captain Blood,Odyssey of Captain Blood,,
A Captive in the Land,,
The Tall T,,
"Herbie, the Love Bug",The Love Bug,Herbie Rides Again,Herbie Goes to Monte Carlo,Herbie Goes Bananas,The Love Bug,Herbie: Fully Loaded,,
The Card,,
"Careful, He Might Hear You",,
The Carpetbaggers,Nevada Smith,Nevada Smith Tv,,
The Carey Treatment,,
"The French, They Are a Funny Race",,
Down Three Dark Streets,,
Cash McCall,,
Cat Chaser,,
The Cat Who Walked by Herself,,
Catlow,,
The Caveman's Valentine,,
Les cerfs-volants,,
Les Diaboliques,Diabolique,,
The Cement Garden,,
Centennial,,
Vers le Sud,,
La HabitaciÃ³n azul,,
Champagne,,
The Chancellor Manuscript,,
Everlasting Regret,,
Charlie Chan Carries On,Charlie Chan's Murder Cruise,,
Charlie Muffin,,
Charlotte Gray,,
Charlotte's Web,Charlotte's Web 2: Wilbur's Great Adventure,Charlotte's Web,,
Snowball Express,,
The Cheetah Girls,The Cheetah Girls,The Cheetah Girls 2,The Cheetah Girls: One World,,
The Damned,,
The Crash,,
The Children of Sanchez,,
"Westward Ho, the Wagons!",,
China Seas,,
The Chinese Parrot,,
The Chocolate War,,
Candleshoe,,
Singles,,
Kelly and Dolly: A Christmas to Remember,,
Christmas Holiday,,
The Christmas Shoes,The Christmas Blessing,The Christmas Hope,,
Christopher Strong,,
"The Chronicles of Narnia: The Lion, the Witch and the Wardrobe","The Lion, the Witch and the Wardrobe",
The Silver Chair 1990,
The Chronicles of Narnia: The Magician's Nephew,
The Cincinnati Kid,,
Cinderella Liberty,,
Flight of the Lost Balloon,Five Weeks in a Balloon,,
7 Faces of Dr. Lao,,
The Citadel,,
Clair de femme,,
The Birth of a Nation,The Fall of a Nation,,
Class Reunion,,
The Killing,,
Cockfighter,,
Cocoon,Cocoon: The Return,,
Code of the West,Code of the West,,
Three Coins in the Fountain,The Pleasure Seekers,Coins in the Fountain,,
The Man Who Understood Women,,
Colossus: The Forbin Project,,
The Comfort of Strangers,,
Like Water for Chocolate,,
Compulsion,,
Winstanley,,
Bolshevism on Trial,,
The Constant Nymph,The Constant Nymph,The Constant Nymph,,
The Comedians,,
Conagher,,
Arsene Lupin,,
Confessions d'un Barjo,,
A Connecticut Yankee in King Arthur's Court,A Connecticut Yankee,A Connecticut Yankee,Un espanol en la corte del rey Arturo,A Connecticut Rabbit in King Arthur's Court,Unidentified Flying Oddball,Novye priklyucheniya yanki pri dvore korolya Artura,A Kid in King Arthur's Court,A Kid in Aladdin's Palace,A Young Connecticut Yankee in King Arthur's Court,A Knight in Camelot,Black Knight,,
The Constant Gardener,,
Cops and Robbers,,
Corazon salvaje,Juan del Diablo,Corazon salvaje,,
Coroner Creek,,
Earth,,
Creator,,
Crossfire Trail,,
The Cruel Sea,,
Cutter's Way,,
The Six Million Dollar Man,,
Arabesque,,
Damage (1992),,
The Dancer Upstairs,,
A Dandy in Aspic (1968),
Daniel Deronda,Daniel Deronda,Daniel Deronda,,
"Danny, the Champion of the World",,
Darby O'Gill and the Little People,,
Limitless (2011),,
The Seeker: The Dark is Rising,,
Dark of the Sun (1968),,
Dark Passage,,
David Copperfield,David Copperfield,David Copperfield,David Copperfield,,,David Copperfield,David Copperfield,David Copperfield,David Copperfield,David Copperfield,David Copperfield,,
The Day of the Jackal,August 1 (1988),The Jackal (1997),,
The Day of the Locust,,
The Day of the Triffids,The Day of the Triffids,,
When Time Ran Out (1980),,
The Day They Robbed the Bank of England,,
The Sacketts (1979),,
Dead Calm,,
Deadline at Dawn,,
The Deadly Duo,,
Australian Rules (2002),,
Dealing: Or the Berkeley-to-Boston Forty-Brick Lost-Bag Blues (1972),,
Dear John,,
The End of the River (1947),,
Death on the Nile,Death on the Nile,,
Death Sentence (2007),,
The Deceivers (1988),,
Deluge,,
The Deluge,,
Demon Seed,,
Derailed,,
Desert Fury,,
Desert Gold (1919),Desert Gold (1926),Desert Gold (1936),,
Gold of the Seven Saints (1961),,
The Desperate Hours (1955),Desperate Hours (1990),36 Ghante,,
Destry Rides Again,,
The Detective (1968),,
Detective (2005),,
The Devil Rides Out,,
Des Teufels Advokat (1977),,
The Witches (1966),,
The Possessed (1969),La femme publique,,
The Devils (1971),,
Devil in the Flesh (1947),Devil in the Flesh (1986),Devil in the Flesh (1998),,
The Kingfisher Caper,,
The Glory Guys,,
The Dirty Dozen,,
Dirty Weekend,,
Disappearing Acts (2000),,
Scream and Scream Again,,
A Distant Trumpet,,
Le Divorce (2003),,
Doctor in the House,,
Half Moon Street,,
Dodsworth,,
The Dogs of War,,
Who'll Stop the Rain,,
Adventures of the Ingenious Hidalgo Don Quixote,Don Quijote,Don Quichotte,Don Quixote,Don Quixote,Don Quixote,Don Quixote,Don Quichotte,Don Quichotte,Don Quixote,Don Quixote de la Mancha,Don Quixote,Don Quixote,Don Quixote's Children,Don Chisciotte e Sancho Panza,Man of La Mancha,The Adventures of Don Quixote,The Amorous Adventures of Don Quixote and Sancho Panza,Don Chisciotte,Don Quixote of La Mancha,Don Quijote de Orson Welles,Don Quixote,"Don Quixote, Knight Errant",Don Quixote,The Man Who Killed Don Quixote,,
The Lady and the Monster,Donovan's Brain,The Brain (1962),,
Gas Food Lodging,,
Frankie Starlight,,
Double Indemnity,,
Down Will Come Baby,,
The Flight of Dragons,,
Dragon Seed,,
Dragonlance: Dragons of Autumn Twilight,,
The Reluctant Dragon,,
Dreamscape,,
Drift Fence,,
Drood,,
The Drowning Pool,,
Drums Along the Mohawk,,
The Drums of Jeopardy,The Drums of Jeopardy,,
The Dude Ranger,,
Duel in the Sun,,
Dune,Frank Herbert's Dune,Frank Herbert's Children of Dune,Dune,,
Elegy,,
Dying Young,,
The Eagle Has Landed,,
The Eagle (2011),,
East of Eden,,
Eddie and the Cruisers,,
The Egyptian (1954),,
The Seventh Scroll,,
Elles n'oublient jamais,,
Ellis Island (1984),,
Emma,Clueless,Emma,Emma,Emma,Aisha,,
Emil and the Detectives,Emil and the Detectives,Emil and the Detectives,Emil and the Detectives,Emil and the Detectives,,
Emotional Arithmetic,,
Enchanted April,Enchanted April,,
Wake Up and Dream,,
Enduring Love,,
Enemies of Women,,
The Enemy Below,,
Enigma (2001),,
The Entity (1981),,
Escape (1940),,
Escape to Witch Mountain,Return from Witch Mountain,Beyond Witch Mountain,Escape to Witch Mountain,Race to Witch Mountain,,
The Evening Star,,
Everybody's All-American,,
The Yellow Canary,,
Evil Under the Sun,Evil Under the Sun,,
Executive Suite,,
Exit To Eden,,
Experiment Perilous,,
Extension du domaine de la lutte,,
Extremely Loud and Incredibly Close,,
Deadly Circuit,Eye of the Beholder,,
Eye of the Needle,Fanaa,,
Fahrenheit 451,Fahrenheit 451,,
Fail-Safe,Fail-Safe,,
The Angel Wore Red,,
The Fall of a Nation,,
False Witness,,
"The One and Only, Genuine, Original Family Band",,
Family Business,,
The Fan (1981),,
Far from the Madding Crowd,Far from the Madding Crowd,Far from the Madding Crowd,Far from the Madding Crowd,,
Farewell My Concubine,,
Face Is the Hunter,,
Das Wunder des Malachias,,
Father of the Bride,Father's Little Dividend,Father of the Bride,Father of the Bride Part II,,
La Femme et le Pantin,The Devil Is a Woman,La Femme et le Pantin,That Obscure Object of Desire,,
Femmes de personne,,
The Fire Within,"Oslo, August 31st",,
The Raging Tide,,
Fighting Caravans,Wagon Wheels,,
The Final Programme,,
Fire on the Mountain,,
Schmetterlinge,"First Love, Last Rites",Solid Geometry,Butterflies,,
A Trip to the Moon,The First Men in the Moon,First Men in the Moon,The First Men in the Moon,The First Men in the Moon 3D,,
The Five People You Meet in Heaven,,
The Fixer,,
Flaming Youth,,
Flashpoint,,
Fletch,Fletch Lives,,
Fletch Won,,
The Flight of the Phoenix,Flight of the Phoenix,,
Flowers in the Attic,,
Flowing Gold,,
Focus (2001),,
Village of the Giants,The Food of the Gods,Food of the Gods II,,
Escape Me Never,Escape Me Never,,
Forbidden Territory,,
The Forever War,,
Forlorn River,,
The Formula (1980),,
That Forsyte Woman,The Forsyte Saga,,
The Fountainhead,,
Four Feathers,The Four Feathers,The Four Feathers,The Four Feathers,Storm Over the Nile,The Four Feathers,The Four Feathers,,
The Fourth Protocol,,
F.P.1 antwortet nicht,F.P.1 Doesn't Respond,F.P.1 ne repond pas,,
The Adventures of Frank Merriwell,,
Frau im Mond,,
The French Lieutenant's Woman,,
Deadly Friend,,
A Trip to the Moon,From the Earth to the Moon,The Fabulous Baron Munchausen,Jules Verne's Rocket to the Moon,From the Earth to the Moon,,
From the Terrace,,
Funeral in Berlin,,
The Furies (1950),,
The Fuzzy Pink Nightgown,,
G@me,,
Condorman,,
The Garden of Allah,The Garden of Allah,The Garden of Allah,,
Gardens of Stone,,
The Gay Sisters,,
Gentle Annie,,
Gentlemen Prefer Blondes,Gentlemen Prefer Blondes,,
Geordie,,
Georgy Girl,,
The Ghost Writer (2010),,
The Ghost and Mrs. Muir,,
Gidget,,
Gigi,Gigi,,
The Girl from Petrovka,,
The Girl Who Leapt Through Time,The Girl Who Leapt Through Time,Morning Musume: Shinshun! Love Stories,The Girl Who Leapt Through Time,Time Traveller: The Girl Who Leapt Through Time,,
Girl with a Pearl Earring (2003),,
Suburban Girl,The Girls' Guide to Hunting and Fishing,,
Glitz (1988),,
The Best Years of Our Lives,,
Gnomes (1980),,
The Gnome-Mobile,,
The Go-Between,,
"Follow Me, Boys!",,
They Came from Beyond Space,,
God's Little Acre,,
Gold Coast,
Gold (1974),,
Charley and the Angel,,
The Adventures of Buratino,The Adventures of Buratino,,
The Good Earth (1937),,
A Good Year (2006),,
"Goodbye, Mr. Chips","Goodbye, Mr. Chips","Goodbye, Mr. Chips","Goodbye, Mr. Chips",,
Gorky Park,,
Grand Canary,,
The Grapes of Wrath,,
The Great Bank Robbery,,
One of Our Dinosaurs Is Missing,,
Great Expectations,Great Expectations,Great Expectations,Great Expectations,Great Expectations,Great Expectations,Great Expectations,Great Expectations,Great Expectations,Great Expectations,Great Expectations,Great Expectations,,
The Great Man (1956),,
The Great Santini,,
The Indians are Coming,Rustlers of Red Dog,,
Green for Danger,,
Green Mansions,,
The Green Years,,
The Greengage Summer,,
Grendel Grendel Grendel,,
The Grifters,,
L'Ours,,
The Grotesque (1995),,
The Group (1966),,
Gruesome School Trip,,
War of the Buttons,War of the Buttons,,
Les faussaires (2007),,
The New Gulliver,Gulliver's Travels,The Three Worlds of Gulliver,Gulliver's Travels Beyond the Moon,Gulliver's Travels,Gulliver's Travels,Gulliver's Travels,,
Guns of the Timberland,,
The Gypsy Moths (1969),,
"H.M. Pulham, Esq.",,
Hababam Sınıfı,,
WUSA,,
"The Long, Hot Summer",,
Hammers Over the Anvil,,
The Handmaid's Tale,,
Hannibal (2001),,
Happy Land (1943),,
Al Haram (1965),,
The Harder They Fall,,
Harry Black,,
Harry Potter,
Harry Potter and the Deathly Hallows Part 1,Harry Potter and the Deathly Hallows Part 2,,
The Return of Vasili Bortnikov,,
The Harvey Girls,,
Hating Alison Ashley,,
Hatter's Castle,,
Haunted Harbor (1944),,
Hawk of the Wilderness,,
He Ran All the Way,,
Header (2006),,
Monte Carlo (2011),,
The Heart of the Matter,The Heart of the Matter,,
Story of the Sword and the Sabre,Heaven Sword and Dragon Sabre,The Hidden Power of the Dragon Sabre,Kung Fu Cult Master,,
Heidi,Heidi,Heidi and Peter,Heidi,Heidi,The Story of Heidi,Heidi's Song,Heidi,Heidi,Heidi,Nelvana,Heidi,Paul Marcus,Heidi 4 Paws,,
The Legend of Hell House,,
Heller in Pink Tights,,
The Help (2011),,
Heritage of the Desert,Heritage of the Desert,Heritage of the Desert,,
The High and the Mighty (1954),,
The History of Mr. Polly,,
Tom Jones,Tom Jones,The Bawdy Adventures of Tom Jones,Tom Jones,"The History of Tom Jones, a Foundling",,
The Holcroft Covenant,,
The Dreamers,,
Hombre (1967),,
Ghare Baire,,
Hopalong Cassidy,,
Horrid Henry: The Movie,,
Hud,,
The Host (2013),,
The Hot Rock,,
The Hound of the Baskervilles,The Hound of the Baskervilles,The Hound of the Baskervilles,The Hound of the Baskervilles,The Hound of the Baskervilles,Bees Saal Baad,The Hound of the Baskervilles,The Hound of the Baskervilles,The Hound of the Baskervilles,The Hound of the Baskervilles,,
The Shaggy Dog,The Shaggy D.A.,The Return of the Shaggy Dog,The Shaggy Dog,The Shaggy Dog,,
The Hour Before the Dawn,,
The Hours (2002),,
Howards End,,
Esmeralda,The Hunchback of Notre Dame,The Darling of Paris,Esmeralda,The Hunchback of Notre Dame,The Hunchback of Notre Dame,The Hunchback of Notre Dame,The Hunchback of Notre Dame,Kubra Aashiq,The Hunchback of Notre Dame,The Hunchback of Notre Dame,The Hunchback of Notre Dame,The Hunchback of Notre Dame,The Hunchback of Notre Dame II,The Hunchback,Quasimodo d'El Paris,,
Catching Fire,,
Mockingjay,,
Point Blank (1967),Payback (1999),Full Contact (2003),,
The Hustler (1961),,
The Last Man on Earth,The Omega Man,I Am Legend,,
Ice Station Zebra,,
The Ipcress File,,
The Illustrated Man,,
Imagining Argentina,,
Cynara,,
The Incredible Journey,Homeward Bound: The Incredible Journey,Homeward Bound II: Lost in San Francisco,,
The Incubus (1981),,
A Man Called Horse,The Return of a Man Called Horse,Triumphs of a Man Called Horse,,
The Innocent (1993),,
In Search of the Castaways,V poiskakh kapitana Granta,,
My Reputation,,
Kojak: The Price of Justice,,
The Invisible Man,The Invisible Man Returns,The Invisible Woman,Invisible Agent,The Invisible Man's Revenge,Abbott and Costello Meet the Invisible Man,,
In the Heat of the Night,They Call Me MISTER Tibbs!,The Organization,,
In This House of Brede,,
The Iron Trail,,
Island in the Sky,,
Island of Lost Souls,Terror Is a Man,The Island of Doctor Agor,The Island of Dr. Moreau,The Island of Dr. Moreau,,
Islands in the Stream,,
It (1990),It (2011),,
Shadow of the Land,,
Book of Love (1990),,
Get Carter,Hit Man,Get Carter,,
Jane Eyre,The Castle of Thornfield,Woman and Wife,Jane Eyre,Orphan of Lowood,Jane Eyre,I Walked with a Zombie,Jane Eyre,Sangdil,The Orphan Girl,El Secreto,Jane Eyre,Shanti Nilayam,Ardiente Secreto,Jane Eyre,Jane Eyre,,
Jassy,,
La femme du boulanger,,
The Curse of the Mummy,Blood from the Mummy's Tomb,The Awakening,Bram Stoker's Legend of the Mummy,,
Pocket Money,,
Jimmy the Kid (1982),Jimmy the Kid (1999),,
Johnny Tremain,,
Josepha,,
Diary of a Country Priest,,
Treasure of Matecumbe,,
Journey to Shiloh,,
Havoc in Heaven,Monkey Goes West,Princess Iron Fan,The Cave of the Silken Web,The Land of Many Perfumes,A Chinese Odyssey,Heavenly Legend,A Chinese Tall Story,The Fire Ball,The Adventures of Super Monkey,The Forbidden Kingdom,The Monkey King,Journey to the West,,
Jude the Obscure,Jude,,
Elephant Boy,Jungle Book,The Jungle Book,The Jungle Book 2,Adventures of Mowgli,The Jungle Book,Jungle Book: Mowgli's Story,Mowgli: The New Adventures of the Jungle Book,,
Shining Victory,Ich suche Dich,,
The Jungle (1914),,
Justine (1969),,
Atragon,Super Atragon,,
Pale Moon,,
Fighting Elegy,,
The Keys of the Kingdom,,
Ai-Fak,,
Kidnapped,Kidnapped,Kidnapped,Kidnapped,,
Allan Quatermain,King Solomon's Mines,King Solomon's Mines,Watusi,King Solomon's Treasure,King Solomon's Mines,Allan Quatermain and the Lost City of Gold,King Solomon's Mines,The League of Extraordinary Gentlemen,King Solomon's Mines,Allan Quatermain and the Temple of Skulls,,
High and Low,,
Kings Go Forth,,
Kings Row,,
Kipps,Kipps,Kipps,Half a Sixpence,,
The Kirishima Thing,,
Kiss of the Spider Woman,,
Kiss Tomorrow Goodbye,,
The Klansman (1974),,
The Night Stalker,The Night Strangler,Crackle of Death,The Demon and the Mummy,,
Chinese Box,,
"Lad, A Dog",,
Lady Audley's Secret,Lady Audley's Secret,Lady Audley's Secret,Lady Audley's Secret,,
Lady L,,
Cordelia,,
The Land That Time Forgot,The People That Time Forgot,The Land That Time Forgot,,
Lassie,Lassie Come Home,Son of Lassie,Courage of Lassie,Hills of Home,The Sun Comes Up,Challenge to Lassie,The Painted Hills,Lassie's Great Adventure,The Magic of Lassie,Lassie,Lassie,,
The Last Days of Pompeii,The Last Days of Pompeii,The Last Days of Pompeii,The Last Days of Pompeii,The Last Days of Pompeii,The Last Days of Pompeii,The Last Days of Pompeii,,
The Last Detail,,
The Last Hunt,,
The Last of the Duanes,The Last of the Duanes,The Last of the Duanes,Last of the Duanes,,
The Missing,,
Apache Territory,,
Last Stand at Saber River,,
The Last Unicorn (1982),,
The Late George Apley,,
Layer Cake,,
Laura,Laura,Laura,,
Law and Order,,
Border Shootout,,
The Quiet Gun,,
Lawyer Man,,
Lovin' Molly,,
Get Christie Love!,,
Left Behind,Left Behind: The Movie,Left Behind II: Tribulation Force,Left Behind: World at War,,
The Exorcist III,,
Lemonade Mouth,Lemonade Mouth 2,,
The Leopard (1963),,
Less Than Zero,,
A Letter to Three Wives,,
How Do I Love Thee?,,
Madame Rosa,The Life Before Us,,
Life of Pi (film),,
A Lion Is in the Streets,,
Little Dorrit,Little Dorrit,Klein Dorrit,Little Dorrit,Little Dorrit,,
The Hand (1981),,
Eine Liebe in Deutschland,,
A Cock and Bull Story,,
The Light in the Forest,,
The Light of the Western Stars,The Light of Western Stars,The Light of Western Stars,The Light of Western Stars,,
The Work and the Glory: American Zion,,
Little Caesar,Black Caesar,Hell Up in Harlem,,
The Little Drummer Girl,,
The Secret of Moonacre,,
Head On,,
The Legend of Lobo,,
The Lone Star Ranger,The Lone Star Ranger,The Lone Star Ranger,Lone Star Ranger,,
The Long Goodbye,,
Charley Varrick,,
Lord Jim,Lord Jim,,
Lord of the Flies,Alkitrang dugo,Lord of the Flies,,
The Lords of Discipline,,
Lost Horizon,Lost Horizon,,
The Island at the Top of the World,,
The Lost Symbol,,
The Lost World,The Lost World,The Lost World,Return to the Lost World,The Lost World,Sir Arthur Conan Doyle's The Lost World,The Lost World,King of the Lost World,,
Das doppelte Lottchen,The Lullaby of Hibari,Twice Upon a Time,The Parent Trap,The Parent Trap II,The Parent Trap III,The Parent Trap: Hawaiian Honeymoon,Kuzanthaiyum Deivamum,Letha Manasulu,Do Kaliyan,Animation Tomboy Angels,Pyaar ke do Pal,I and Myself: The Two Lottes,Charlie &amp, Louise - Das doppelte Lottchen,khaharan-e- gharib,The Parent Trap,Kuch Khatti Kuch Meethi,Tur &amp, Retur,,
The Loved One,,
The Lusty Men,,
Mackenna's Gold,,
The Maddening,,
The Magician (1926),,
Magnificent Obsession,Magnificent Obsession,,
The Adventures of Martin Eden,,
Soylent Green,,
The Man Called Noon,,
Rough Night in Jericho,,
The Man in the Gray Flannel Suit,,
The Man Who Fell to Earth,The Man Who Fell to Earth,The Man Who Fell to Earth,,
The Man Who Never Was,,
The Man Without a Face,,
Man Without a Star,,
Manon des Sources,Manon des Sources,,
MASH,,
Marathon Man,,
The Matarese Circle,,
The Mayor of Casterbridge,The Mayor of Casterbridge,The Mayor of Casterbridge,The Claim,,
McTeague,Greed,,
The Medusa Touch,,
The Mephisto Waltz,,
Mercy Island,,
Merton of the Movies,Make Me a Star,Merton of the Movies,,
Tony Rome,Lady in Cement,,
So Dear to My Heart,,
Village of the Damned,Children of the Damned,Village of the Damned,,
Mildred Pierce,,
Millennium (1989),,
The Girl with the Dragon Tattoo (2009),The Girl with the Dragon Tattoo (2011),,
The Girl Who Played with Fire,,
The Girl Who Kicked the Hornets' Nest,,
Innocence,The Fine Art of Love: Mine Ha-Ha,,
The Mirror Crack'd,Subho Mahurat,,
On the Barricade,Le Chemineau,Les Miserables,The Bishop's Candlesticks,Les Miserables,Les Miserables,The Bishop's Candlesticks,Les Miserables,Les Miserables,Aa Mujou,Les Miserables,The Bishop's Candlesticks,Aa Mujou,Jean Valjean,Les Miserables,Les Miserables,Gavrosh,Kyojinden,Los Miserables,El Boassa,I Miserabili,Les Nouveaux Miserables,Re mizeraburu: Kami to Akuma,Ezhai Padum Padu,Beedala Patlu,Les Miserables,Kundan,Duppathage Duka,Sirakaruwa,Les Miserables,Jean Valjean,Cosette,Gavroche,Jean Valjean,I miserabili,Les Miserables,Sefiller,Les Miserables,Los Miserables,Les Miserables,Al Boasa,Les Miserables,Les Miserables,Les Miserables,Les Miserables,Les Miserables - 25th Anniversary Live from the O2,Les Miserables,Les Miserables,,
Advice to the Lovelorn,Lonelyhearts,Miss Lonelyhearts,,
The Sea Beast,Moby Dick - Rehearsed,Moby Dick,Tom and Jerry,Dicky Moe,Moby Dick,Dot and the Whale,Moby Dick,Moby Dick,Capitaine Achab,Moby Dick,Moby Dick,Moby Dick,Age of the Dragons,,
Seven Days... Seven Nights,,
The Molly Maguires,,
The Killer Elite,,
The Navy vs. the Night Monsters,,
Branded,,
The Moon and Sixpence,,
The Moon-Spinners,,
The Moonstone,The Moonstone,The Moonstone,The Moonstone,,
Excalibur,,
Mother Carey's Chickens,Summer Magic,,
Brave New Girl,,
Harper,,
Mr. Hobbs Takes a Vacation,,
The Incredible Mr. Limpet,,
Mr. Winkle Goes to War,,
Murder Most Foul,,
Wild River,,
La mujer de mi hermano,,
The Professionals,,
Amityville II: The Possession,,
Murder on the Orient Express,Murder on the Orient Express,,
My Antonia,,
The Happiest Millionaire,,
My Friend Flicka,"Thunderhead, Son of Flicka",Green Grass of Wyoming,Flicka,Flicka 2,,
Abdulla the Great,,
Cowboy,,
The Mystery of Edwin Drood,The Mystery of Edwin Drood,The Mystery of Edwin Drood,The Mystery of Edwin Drood,The Mystery of Edwin Drood,,
The Name of the Rose,,
The Naked and the Dead,,
The Naked Country,,
The Naked Face,,
The Guardian (1990),,
National Velvet,International Velvet,,
The Night Digger,,
Fair Lady (1922),,
Nevada,Nevada,Nevada,,
Never Cry Wolf,,
Nicholas Nickleby,Nicholas Nickleby,Nicholas Nickleby,Nicholas Nickleby,Nicholas Nickleby,Nicholas Nickleby,Nicholas Nickleby,The Life and Adventures of Nicholas Nickleby,Nicholas Nickleby,,
Hemingway's Adventures of a Young Man,,
Night and the City,Night and the City,,
Night Has a Thousand Eyes,,
The Night of the Generals,,
The Night of the Hunter,,
The Man I Love,,
Night Watch (2004),Day Watch (2006),,
Fear in the Night,Nightmare (1956),,
Nightmare Alley,,
Nights in Rodanthe,,
Nightwing,,
Nineteen Eighty-Four,Nineteen Eighty-Four,1984,Nineteen Eighty-Four,,
The Ninth Configuration,,
No Down Payment,,
No Orchids for Miss Blandish,The Grissom Gang,La Chair de l'orchidee,,
No se lo Digas a Nadie,,
The Last Warrior,,
Tashunga,,
The Golden Compass (2007),,
Nostromo,,
The Notebook (2004),,
Odd Man Out,,
Odds Against Tomorrow,,
Audition (1999),,
Of Human Bondage,Of Human Bondage,Of Human Bondage,,
Of Mice and Men,Of Mice and Men,,
The Old Curiosity Shop,The Old Curiosity Shop,The Old Curiosity Shop,The Old Curiosity Shop,The Old Curiosity Shop,The Old Curiosity Shop,The Old Curiosity Shop,The Old Curiosity Shop,The Old Curiosity Shop,The Old Curiosity Shop,,
The Old Man and the Sea,The Old Man and the Sea,The Old Man and the Sea,,
Old Yeller,Savage Sam,,
Oliver Twist,Oliver Twist,Oliver Twist,Oliver Twist,Oliver!,Oliver Twist,Oliver and Company,Oliver Twist,Twist,Boy called Twist,Oliver Twist,,
Oliver's Story,,
Fantastic Planet,,
Guest from the Future,,
One More Spring,,
Le Palais des Mille et une nuits,The Thief of Bagdad,The Thief of Bagdad,1001 Arabian Nights,Il fiore delle Mille ed una notte,Scooby-Doo in Arabian Nights,,
Experiment in Terror,,
The Osterman Weekend,,
Back from the Dead,,
The Other Side of Midnight,,
Our Girl Friday,,
Our Man in Havana,,
An Outcast of the Islands,,
One More River,,
The Ox-Bow Incident,,
The Beguiled,,
A Painted House,,
Colonel Wolodyjowski,,
Parineeta,Parineeta,Parineeta,Parineeta,,
Paris Blues,,
The Elementary Particles,,
Four Faces West,,
The Peacock Spring,,
The People That Time Forgot,,
Perfect Little Angels,,
Peyton Place,,
Juarez (1939),,
Phantom Lady,,
Pharaoh (1966),,
The Young Philadelphians,,
The Pickwick Papers,The Adventures of Mr. Pickwick,The Pickwick Papers,,
Dorian Grays Portraet,The Picture of Dorian Gray,The Picture of Dorian Gray,Das Bildnis des Dorian Gray,Az Elet kiralya,The Picture of Dorian Gray,El Retrato de Dorian Gray,Dorian Gray,The Picture of Dorian Gray,The Picture of Dorian Gray,Le Portrait de Dorian Gray,The Sins of Dorian Gray,Dorian,The League of Extraordinary Gentlemen,Dorian,The Picture of Dorian Gray,The Picture of Dorian Gray,The Picture of Dorian Gray,The Picture (of Dorian Gray),Dorian Gray,,
Pin (1988),,
Follow That Dream,,
The Pirates! In an Adventure with Scientists,,
Love Letters (1945),,
The Girls of Pleasure Island,,
The Lovers (1958),,
Pollyanna,Pollyanna,Hayat sevince guzel,Pollyanna,The Adventures of Pollyanna,Polly,Polly: Comin' Home!,Pollyanna,,
Poodle Springs,,
Popioi i diament,,
Portnoy's Complaint,,
Portrait of Jennie,,
Possession (2002),,
Le Dernier Tournant,Ossessione,The Postman Always Rings Twice,The Postman Always Rings Twice,,
The Power (1968),,
The Fugitive (1947),,
The Power of One,,
Farewells,,
Presumed Innocent,,
Pride and Prejudice,Pride and Prejudice: A Latter-Day Comedy,Bride and Prejudice,Pride and Prejudice,,
The Prince and the Pauper,The Prince and the Pauper,Der Prinz und der Bettelknabe,Yiskor,The Prince and the Pauper,The Prince and the Pauper,The Prince and the Pauper,Raja Aur Runk,The Adventures of the Prince and the Pauper,Princ a chudas,Prints i nishchiy,Crossed Swords,Ringo,Trading Places,The Prince and the Pauper,Dave,The Prince and the Pauper,It Takes Two,The Prince and the Pauper,The Prince and the Surfer,The Pooch and the Pauper,The Prince and the Pauper,Barbie as the Princess and the Pauper,The Prince and the Pauper,Garfield: A Tale of Two Kitties,A Modern Twain Story: The Prince and the Pauper,,
Promise at Dawn,,
Pronto (1997),,
Der blaue Engel,,
The Brain Eaters,The Puppet Masters,,
"The World, the Flesh and the Devil",,
"Dirty Mary, Crazy Larry",,
Q and A,,
QB VII,,
Ragtime,,
Ramrod,,
The Arizona Raiders,,
Rain (2006),,
The Rainbow (1989),,
The Rainbow Trail,The Rainbow Trail,The Rainbow Trail,,
Rascal,,
Rebecca,,
The Fighting Prince of Donegal,,
The Red Pony,,
Range Feud,The Red Rider,,
Reflections in a Golden Eye,,
The Reincarnation of Peter Proud,,
The Reivers,,
Seven Blood-Stained Orchids,,
The Story of the Great Heroes,The Brave Archer and His Mate,Little Dragon Maiden,,
The Return of the Native,The Return of the Native,,
The Return of the Soldier,,
Return to Paradise,Until They Sail,,
Return to Peyton Place,,
"Reuben, Reuben",,
Scarlet Dawn,,
The Revolt of Mamie Stover,,
The Riddle of the Sands,Das Ratsel der Sandbank,,
Riders of the Purple Sage,Riders of the Purple Sage,Riders of the Purple Sage,Riders of the Purple Sage,Riders of the Purple Sage,,
Ripley Under Ground,,
Ripley's Game,,
Rising Sun (1993),,
The River (1951),,
Riverworld,Riverworld,,
Les rivieres pourpres,Les rivieres pourpres II: Les anges de l'apocalypse,,
The Road (2009),,
The Road Back,,
Robinson Crusoe,Adventures of Robinson Crusoe,Robinson Crusoe on Mars,"Lt. Robin Crusoe, U.S.N.",Crusoe,Shipwrecked,Robinson Crusoe,,
Rogue Cop,,
The Romance of Rosy Ridge,,
The Roots of Heaven,,
L'avventuriero,,
The Russia House,,
Melody Time,Tall Tale,,
The Sailor Who Fell from Grace with the Sea,,
Saint Jack,,
Law and Order (1932),Wild West Days,,
The Salamander (1981),,
Salem's Lot,A Return to Salem's Lot,'Salem's Lot,,
Salmon Fishing in the Yemen,,
The Great Macarthy,,
The Story of Temple Drake (1933),,
Blood and Sand,Blood and Sand,Blood and Sand,Blood and Sand,,
The Satan Bug,,
Save the Tiger,,
Sayonara (1957),,
The Scarlet Letter,The Scarlet Letter,The Scarlet Letter,The Scarlet Letter,The Scarlet Letter,The Scarlet Letter,Der Scharlachrote Buchstabe,The Scarlet Letter,The Scarlet Letter,Juhong geulshi,,
The Scarlet Pimpernel,The Laughing Cavalier,The Elusive Pimpernel,The Triumph of the Scarlet Pimpernel,The Scarlet Pimpernel,Return of the Scarlet Pimpernel,Pimpernel Smith,Pimpernel Svensson,The Elusive Pimpernel,The Scarlet Pimpernel,Don't Lose Your Head,The Elusive Pimpernel,The Scarlet Pimpernel,The Scarlet Pimpernel,The Forecourt Pimpernel,The Black Pimpernel,The Scarlet Pimpernel,,
The Searchers (1956),,
The Screaming Mimi,The Bird with the Crystal Plumage,,
Mise a sac,The Score (1978),,
The Sea Hawk,The Sea Hawk,,
The Sea-Wolf,The Sea Wolf,The Sea Wolf,The Sea Wolf,The Sea Wolf,Wolf Larsen,Der Seewolf,Il Lupo dei Mari,Morskoj volk,The Sea Wolf,The Sea Wolf,The Sea Wolf,Sea Wolf,,
The Second Victory,,
Sabotage (1936),The Secret Agent (1996),,
Confessions of a Shopaholic,,
The Forest,,
The Black Windmill,,
The Seven-Per-Cent Solution,,
The Split,,
A Severa,,
Smuga cienia,,
The Shadow Riders,,
Shaft's Big Score,,
Shalako,,
Things to Come,H. G. Wells' The Shape of Things to Come,,
La Colonne de feu,She,She,She,She,She,She,She,The Vengeance of She,S+H+E: Security Hazards Expert,She,She,She,,
Story of the Vulture Conqueror,The Brave Archer,The Brave Archer 2,The Brave Archer 3,The Brave Archer and His Mate,Se diu ying hung ji dung sing sai jau,Dongxie Xidu,,
She Loves Me Not,True to the Army,"How to Be Very, Very Popular",,
The Dark (2005),,
Blind Shaft,,
Young and Innocent,,
Shining Through,,
The Incredible Shrinking Man,The Incredible Shrinking Woman,,
The Shoes of the Fisherman,,
Field of Dreams,,
The Shootist,,
Shout at the Devil,,
The Singer Not the Song,,
The Last Flight,,
Carrie (1952),,
Three Days of the Condor,,
Six Weeks,,
Skinwalkers,,
Skyscraper Souls,,
Slaughterhouse-Five,,
Slayground,,
Slugs,,
Spenser: Small Vices,,
The Night of the Following Day,,
Snow Angels,,
So Red the Rose,,
Solaris,Solaris,,
Soldier of Fortune,,
A Soldier's Daughter Never Cries,,
The Song of Bernadette,,
Sons and Lovers,Sons and Lovers,Sons and Lovers,,
S.O.S. Noronha,,
Soursweet,,
Fateless,,
The Sound and the Fury,,
Space (1985),,
The Spanish Gardener,,
Spider (2002),,
Spirale,,
Split Images,,
The Spoilers,The Spoilers,The Spoilers,The Spoilers,The Spoilers,,
The Spook Who Sat by the Door,,
Ride a Wild Pony,,
Spy Story,,
The Spy Who Came in from the Cold,,
Stairs of Sand,,
The Stalking Moon,,
The Stand,The Stand,,
Apache Drums,,
,,
Stardust (2007),,
Moon Pilot,,
The Second Time Around,,
Stars In My Crown,,
The Stars Look Down,,
Station West,,
The Stepford Wives,Revenge of the Stepford Wives,The Stepford Children,The Stepford Husbands,The Stepford Wives,,
Stella Dallas,Stella Dallas,Stella,,
The Turning Point,,
Dr. Jekyll and Mr. Hyde,Den Skaebnesvangre Opfindelse,Dr. Jekyll and Mr. Hyde,Dr. Jekyll and Mr. Hyde,Dr. Jekyll and Mr. Hyde,Dr. Jekyll and Mr. Hyde,Der Januskopf,Dr. Jekyll and Mr. Hyde,Dr. Jekyll and Mr. Hyde,The Son of Dr. Jekyll,The Daughter of Dr. Jekyll,The Testament of Dr. Cordelier,The Two Faces of Dr. Jekyll,The Nutty Professor,The Nutty Professor,The Strange Case of Dr. Jekyll and Mr. Hyde,Dr. Jekyll and Sister Hyde,"I, Monster",Dr. Jekyll y el Hombre Lobo,Dr. Jekyll and Mr. Hyde,The Strange Case of Dr. Jekyll and Mr. Hyde,Jekyll and Hyde... Together Again,The Strange Case of Dr. Jekyll and Mr. Hyde,Dr. Jekyll and Mr. Hyde,Edge of Sanity,Dr. Jekyll and Mr. Hyde,Jekyll and Hyde,Dr. Jekyll and Ms. Hyde,Mary Reilly,The Nutty Professor,Nutty Professor II: The Klumps,Dr. Jekyll and Mr. Hyde,Dr. Jekyll and Mr. Hyde,Jekyll + Hyde,Jekyll,Dr. Jekyll and Mr. Hyde,Jekyll,,
A Stranger Came Home,,
A Stranger Is Watching,,
Strangers on a Train,,
The Stranger's Return,,
The Street Lawyer,,
The Stud (1978),,
The Favorite (1989),,
Summer Pass,,
The Sun Also Rises,The Sun Also Rises,,
Al-Turfa al-Sahiyya fi ahbar al-'A'ila al-Swisiyya - Arabic translation,Swiss Family Robinson,Mighty Mouse,Swiss Cheese Family Robinson,The Swiss Family Robinson,Swiss Family Robinson,The Swiss Family Robinson,The Swiss Family Robinson,The Swiss Family Robinson,The Swiss Family Robinson,Mountain Family Robinson,The Adventures of Swiss Family Robinson,Beverly Hills Family Robinson,The New Swiss Family Robinson,,
The Sword in the Stone,,
Taggart,,
Tai-Pan,,
Enchantment,,
The Taking of Pelham One Two Three,The Taking of Pelham One Two Three,The Taking of Pelham 123,,
A Tale of Two Cities,A Tale of Two Cities,A Tale of Two Cities,The Only Way,A Tale of Two Cities,A Tale of Two Cities,,
The Tall Men,,
Al-Tareeq al-Masdood,,
Tarzan of the Apes,The Romance of Tarzan,The Revenge of Tarzan,The Son of Tarzan,The Adventures of Tarzan,Tarzan and the Golden Lion,Tarzan the Mighty,Tarzan the Tiger,Tarzan the Ape Man,Tarzan the Fearless,Tarzan and His Mate,The New Adventures of Tarzan,Tarzan Escapes,Tarzan and the Green Goddess,Tarzan's Revenge,Tarzan Finds a Son!,Tarzan's Secret Treasure,Tarzan's New York Adventure,Tarzan Triumphs,Tarzan's Desert Mystery,Tarzan and the Amazons,Tarzan and the Leopard Woman,Tarzan and the Huntress,Tarzan and the Mermaids,Tarzan's Magic Fountain,Tarzan and the Slave Girl,Tarzan's Peril,Tarzan's Savage Fury,Tarzan and the She-Devil,Tarzan's Hidden Jungle,Tarzan and the Lost Safari,Tarzan and the Trappers,Tarzan's Fight for Life,Tarzan's Greatest Adventure,"Tarzan, the Ape Man",Tarzan the Magnificent,Tarzan Goes to India,Tarzan's Three Challenges,Tarzan and the Valley of Gold,Tarzan and the Great River,Tarzan and the Jungle Boy,Tarzan's Deadly Silence,Tarzan and the Brown Prince,"Tarzan, the Ape Man","Greystoke: The Legend of Tarzan, Lord of the Apes",Tarzan and the Lost City,Tarzan of the Apes,Disney's Tarzan,Tarzan,Tarzan and Jane,Tarzan II,,
Telefon (1977),,
Gun Fury,,
Tender Loving Care (1998),,
The Terminal Man,,
The Convent,,
The Tesseract,,
Tex,,
James A. Michener's Texas,,
Texasville,,
Du bist zauberhaft,Theatre,Being Julia,,
These Foolish Things,,
They Came to Cordura,,
Murder Ahoy!,Murder with Mirrors,,
Battle of the V-1,,
"They Shoot Horses, Don't They?",,
Thin Air,,
The Thirteenth Guest,,
The 39 Steps,The 39 Steps,The Thirty Nine Steps,The 39 Steps,The Thirty-Nine Steps,,
They Live by Night,Thieves Like Us,,
The Three Lives of Thomasina,,
Thunder Mountain (1935),Thunder Mountain (1947),,
"Thunderhead, Son of Flicka",,
The Thundering Herd,The Thundering Herd,,
The Three Godfathers,Marked Men,Action,Hell's Heroes,Three Godfathers,3 Godfathers,The Godchild,,
Never a Dull Moment,,
A Tiger Walks,,
Time After Time (1979),,
The Time Machine (1960),The Time Machine (1978),Time After Time,The Time Machine (2002),,
Timeline (2003),,
"Tinker, Tailor, Soldier, Spy",,
To Have and Have Not,The Breaking Point,The Gun Runners,,
To the Devil a Daughter,,
To the Last Man,,
Death in Venice,,
" or, Ten Weeks with a Circus",Toby Tyler,,
Toilers of the Sea (1914),Toilers of the Sea (1915),Toilers of the Sea (1923),Toilers of the Sea (1936),Sea Devils (1953),,
Topaz,,
Touch (1997),,
'Round the World in 80 Days,Around the World in Eighty Days,Around the World in 80 Days,The Three Stooges Go Around the World in a Daze,Around the World in Eighty Days,Around the World in Eighty Days,Around the World with Willy Fog,Ginga Shippu Sasuraiger,Around the World in Eighty Days,Around the World in 80 Days,Around the World in 80 Days,Around the World in 80 Days,Tweety's High-Flying Adventure,Around the World in 80 Days,,
All Men Are Mortal,,
A Town Like Alice,,
Track of the Cat,,
Treasure Island,Treasure Island,Treasure Island,Treasure Island,Treasure Island,Long John Silver,Return to Treasure Island,Treasure Island,Animal Treasure Island,Treasure Island,Treasure Island,Treasure Island,L'Ile au tresor,Return to Treasure Island,L'isola del tesoro,Treasure Island,Return to Treasure Island,Treasure Island,Muppet Treasure Island,Treasure Island,Treasure Planet,Pirates of Treasure Island,Die Schatzinsel,,
The Trial,After Hours,The Trial,,
By Dawn's Early Light,,
The Three Musketeers,The Three Musketeers: Part 1/The Three Musketeers: Part 2,The Three Musketeers,The Three Musketeers,Les Trois Mousquetaires,The Three Musketeers,The Three Musketeers,Les Trois Mousquetaires,The Three Musketeers,The Three Musketeers,The Three Musketeers,At Sword's Point,The Three Musketeers,Los tres mosqueteros y medio,Les trois mousquetaires: Premiere epoque-Les ferrets de la reine,Les trois mousquetaires: La vengeance de Milady,The Three Musketeers,The Three Musketeers in Boots,The Three Musketeers,The Four Musketeers,The Return of the Musketeers,The Three Musketeers,Les Quatre Charlots Mousquetaires,A Nous Quatre Cardinal,d'Artagnan l'intrepide,d'Artagnan and Three Musketeers,"The Secret of Queen Anna, or Musketeers Thirty Years After","The Return of the Musketeers, or The Treasures of Cardinal Mazarin",The Three Musketeers,Ring of the Musketeers,The Three Musketeers,La Fille de d'Artagnan,The Musketeer,d'Artagnan et les trois mousquetaires,"Mickey, Donald, Goofy: The Three Musketeers",La Femme Musketeer,Barbie and the Three Musketeers,The Three Musketeers,,
The Trouble with Harry,,
The Turning Point (1983),,
Twilight for the Gods,,
The Twilight Saga (2008–2012),,
Twilight (2008),,
Twin Sisters (2002),,
Under a Texas Moon,,
Two-Minute Warning,,
Le Jumeau (1984),Two Much,,
Hard to Be a God,Hard to Be a God,,
The Tunnel of Love (1958),,
Ugetsu,,
The Ugly Dachshund,,
The Lost Continent,,
Song of the South,Coonskin,The Adventures of Brer Rabbit,,
Under the Tonto Rim,Under the Tonto Rim,Under the Tonto Rim,,
That Darn Cat!,That Darn Cat,,
The Wild Party,,
The Unforgiven (1960),,
The Unknown Soldier,The Unknown Soldier,,
Along Came Jones,,
Valdez Is Coming,,
Going Places,,
The Vanishing American,,
Accused of Murder,,
Beladingala Baale,,
Munich (2005),,
The American (2010),,
The Iron Mask,The Man in the Iron Mask,The Man in the Iron Mask,The Man in the Iron Mask,,
Victory (1919),Niebezpieczny raj,Dangerous Paradise,Victory (1940),Victory (1995),,
The Fourth Man,,
Vigil in the Night,,
The Vikings (1958),,
Twilight's Last Gleaming,,
The Virginian,The Virginian,The Virginian,The Virginian,The Virginian,,
Vision Quest,,
The Voice of Bugle Ann,,
The Thief of Paris,,
Conquest of the Pole,,
Voyage of the Damned,,
The Terrornauts,,
Walkabout,,
Walking Shadow,,
Wanderer of the Wasteland,Wanderer of the Wasteland,,
War and Peace,War and Peace,,
War Horse (2011),,
The War of the Roses,,
Wat zien ik,,
The Watcher in the Woods,,
The Water Hole,,
Watership Down,,
The Way West,,
The Curse of the Werewolf,Legend of the Werewolf,,
West of the Pecos,West of the Pecos,West of the Pecos,,
The Wet Parade,,
We're Back! A Dinosaur's Story,,
What's the Worst Thing That Could Happen?,,
The Lady Vanishes,The Lady Vanishes,,
When Eight Bells Toll,,
When Knighthood Was in Flower,The Sword and the Rose,,
When Worlds Collide,When Worlds Collide,,
Where Eagles Dare,,
Where the Boys Are,Where the Boys Are '84,,
Where the Red Fern Grows,,
Whistle Stop,,
White Banners,,
White Dog (1982),,
White Fang,White Fang,White Fang,White Fang,The Return of White Fang,White Fang to the Rescue,White Fang and the Gold Diggers,White Fang and the Hunter,White Fang,White Fang 2: Myth of the White Wolf,White Fang,White Fang,,
Creature (1998),,
The White Ship,,
Miracle of the White Stallions,,
White Jazz,,
Who? (1973),,
The Weak and the Wicked,,
Young Billy Young,,
Why Me? (1990),,
Wicked Water,,
Wide Sargasso Sea,,
The Door in the Floor,,
Wild Horse Mesa,Wild Horse Mesa,Wild Horse Mesa,,
Wild Justice (1993),,
Cross of Iron,,
Wilt,,
The Adventures of Ichabod and Mr. Toad,The Wind in the Willows,The Wind in the Willows: A Tale of Two Toads,The Wind in the Willows,The Wind in the Willows,The Willows in Winter,The Wind in the Willows,The Wind in the Willows,The Wind in the Willows,,
The Wings of the Dove,The Wings of the Dove,,
Disney's Winnie the Pooh,The Many Adventures of Winnie the Pooh,Winnie the Pooh and Friends,Pooh's Grand Adventure: The Search for Christopher Robin,Winnie the Pooh: Seasons of Giving,The Tigger Movie,Winnie the Pooh: A Very Merry Pooh Year,Piglet's Big Movie,Winnie the Pooh: Springtime with Roo,Pooh's Heffalump Movie,Pooh's Heffalump Halloween Movie,My Friends Tigger and Pooh: Super Sleuth Christmas Movie,Tigger and Pooh and a Musical Too,Winnie the Pooh,,
Winter Meeting,,
The Winter of Our Discontent,,
Wise Blood,,
The Witches (1990),,
Witchfinder General,,
Pete 'n' Tillie,,
The Perfect Stranger (2005),Another Perfect Stranger (2007),The Perfect Gift (2009),,
The Bedroom Window (1987),,
Ride with the Devil (1999),,
The Woman in Black (1989),The Woman in Black (2012),,
The Woman in White (I) (1912),The Woman in White (II) (1912),The Woman in White (1917),The Woman in White (1929),Crimes at the Dark House (1940),The Woman in White (1948),,Zhenshchina v belom,,
Woman Thou Art Loosed,,
Woman Wanted (1999),,
Women in Love (1969),,
The Women of Brewster Place,,
Wonder Boys (2000),,
The Wonderful Country (1952),,
The Fairylogue and Radio-Plays,The Wonderful Wizard of Oz,Dorothy and the Scarecrow in Oz,The Land of Oz,John Dough and the Cherub,The Patchwork Girl of Oz,The Magic Cloak of Oz,"His Majesty, the Scarecrow of Oz",Wizard of Oz,The Wizard of Oz,The Wizard of Oz,Return to Oz,The Wizard of Mars,The Wonderful Land of Oz,Aysecik ve Sihirli Cuceler Rüyalar Ulkesinde,Hunter,Zardoz,Journey Back to Oz,The Wonderful Wizard of Oz,Oz,The Wiz,The Wizard of Oz,Return to Oz,Dorothy Meets Ozma of Oz,The Wizard of A.I.D.S.,The Wonderful Galaxy of Oz,Lion of Oz,Lost in Oz,The Muppets' Wizard of Oz,Tin Man,Tom and Jerry and the Wizard of Oz,The Wonderful Wizard of Oz,The Witches of Oz,Dorothy of Oz,,
The World in His Arms,,
The World of Henry Orient,,
The Wreck of the Mary Deare,,
The Wrong Box (1966),,
Wuthering Heights,Abismos de Pasion,Wuthering Heights,Emily Bronte's Wuthering Heights,Wuthering Heights,,
The Warriors (1979),,
Youth of the Beast,,
The Horse in the Gray Flannel Suit,,
Yellowstone Kelly,,
Eyes Without a Face,,
Yield to the Night,,
Whore (2004),,
Guilt Is My Shadow,,
Your Ticket Is No Longer Valid,,
Young Adam,,
Young Man of Manhattan,,
Young Man with a Horn,,
De Zaak Alzheimer,,
Zarak,,
Zathura,,
Zazie in the Metro,,
06/05,,
Zona Zamfirova,,
