Book;Movie;IMDb ID;IMDb Rating;Gross Revenue;Budget;Net Profit
The 25th Hour;25th Hour;tt0307901;7.7;13060843;15000000;-1939157
2010: Odyssey Two;2010;tt0086837;6.8;40200000;28000000;12200000
42nd Street;42nd Street;tt0024034;7.7;2300000;439000;1861000
50 Shades of Grey;Fifty Shades of Grey;tt2322441;4.1;570489358;40000000;530489358
58 Minutes;Die Hard 2;tt0099423;7.1;240031094;70000000;170031094
About a Boy;About a Boy;tt0276751;7.1;130549455;27000000;103549455
About Schmidt;About Schmidt;tt0257360;7.2;105834556;30000000;75834556
Absolute Power;Absolute Power;tt0118548;6.7;50007168;50000000;7168
Adams Fall;Abandon;tt0267248;4.9;12302219;25000000;-12697781
Adventure;Adventure;tt0037494;6.1;6000000;3500000;2500000
The Adventures of Pinocchio;Pinocchio;tt0032910;7.5;84254167;2600000;81654167
The Adventures of Sherlock Holmes;Sherlock Holmes;tt0988045;7.6;524028679;90000000;434028679
After Hours 1979;Carlito's Way;tt0106519;7.9;63848322;30000000;33848322
The Age of Innocence;The Age of Innocence;tt0106226;7.2;32000000;30000000;2000000
The Agony and the Ecstasy;The Agony and the Ecstasy;tt0058886;7.2;4000000;10000000;-6000000
Air America 1985;Air America;tt0099005;5.7;31053601;35000000;-3946399
Airport;Airport;tt0065377;6.6;100489150;10000000;90489150
All the Brothers Were Valiant;Across to Singapore;tt0018618;7.3;596000;290000;306000
All the King's Men;All the King's Men;tt0405676;6.2;7221458;55000000;-47778542
All the Pretty Horses;All the Pretty Horses;tt0149624;5.8;18133495;57000000;-38866505
All the Way;Sex Drive;tt1135985;6.6;15079259;19000000;-3920741
All You Need Is Kill;Edge of Tomorrow;tt1631867;7.9;369206256;178000000;191206256
Along Came a Spider;Along Came a Spider;tt0164334;6.3;105178561;60000000;45178561
American Psycho;American Psycho;tt0144084;7.6;34266564;7000000;27266564
The Amityville Horror;The Amityville Horror;tt0384806;6.0;108047131;19000000;89047131
The Andromeda Strain;The Andromeda Strain;tt0066769;7.2;12376563;6500000;5876563
Angel 1957 Elizabeth Taylor;Angel;tt0783767;5.9;38935;15000000;-14961065
Angel Square;Angel Square;tt0808151;6.7;485930816;150000000;335930816
A Sentient Animal;The Day of the Dolphin;tt0069946;6.1;2300000;8500000;-6200000
Anna and the King of Siam;The King and I;tt0049408;7.5;21300000;4550000;16750000
Anna Karenina;Amour;tt1602620;7.9;29844753;8900000;20944753
The Anointed;Adventure;tt0037494;6.1;6000000;3500000;2500000
Asking for Trouble;The Wedding Date;tt0372532;6.1;47175038;15000000;32175038
The Assassination of Jesse James by the Coward Robert Ford;The Assassination of Jesse James by the Coward Robert Ford;tt0443680;7.6;3904982;30000000;-26095018
At Play in the Fields of the Lord;At Play in the Fields of the Lord;tt0101373;6.8;1342903;36000000;-34657097
At the Earth's Core;Journey to the Center of the Earth;tt0373051;5.8;241995151;45000000;196995151
Atonement;Atonement;tt0783233;7.8;129266061;30000000;99266061
Auntie Mame;Auntie Mame;tt0051383;8.0;23300000;2240000;21060000
The Aviator;The Aviator;tt0338751;7.5;213741459;110000000;103741459
An Awfully Big Adventure;An Awfully Big Adventure;tt0112427;6.0;258195;4000000;-3741805
Babylon Babies;Babylon A.D.;tt0364970;5.6;22531698;70000000;-47468302
The Ballad of the Running Man ;The Running Man;tt0093894;6.6;38122105;27000000;11122105
Basil of Baker Street;The Great Mouse Detective;tt0091149;7.2;38625550;14000000;24625550
Battlefield Earth;Battlefield Earth;tt0185183;2.4;21471685;44000000;-22528315
Be Cool;Be Cool;tt0377471;5.6;95226116;53000000;42226116
Be Still, My Love;The Accused;tt0094608;7.1;32069318;6000000;26069318
The Beast;King Kong;tt0024216;8.0;10000000;670000;9330000
The Beast Master;The Beastmaster;tt0083630;6.2;14056528;8000000;6056528
Beautiful Creatures;Beautiful Creatures;tt1559547;6.2;60052138;60000000;52138
Bee Season;Bee Season;tt0387059;5.5;4432349;14000000;-9567651
Before the Fact;Suspicion;tt0034248;7.5;4500000;1103000;3397000
Beloved;Beloved;tt0120603;5.8;22852487;53000000;-30147513
Ben-Hur: A Tale of the Christ;Ben-Hur;tt0052618;8.1;196200000;15900000;180300000
Beowulf;Beowulf;tt0442933;6.3;196393745;150000000;46393745
Bhowani Junction;Bhowani Junction;tt0049007;6.4;4875000;3637000;1238000
The Big Bounce;The Big Bounce;tt0315824;4.9;6471394;50000000;-43528606
Big Fish: A Novel of Mythic Proportions;Big Fish;tt0319061;8.0;122919055;70000000;52919055
The Big Sleep;The Big Lebowski;tt0118715;8.2;17451873;15000000;2451873
Big Trouble;Big Trouble;tt0246464;6.5;7262288;40000000;-32737712
Billy Bathgate;Billy Bathgate;tt0101453;5.9;15965919;48000000;-32034081
Bitter Moon;Bitter Moon;tt0104779;7.1;1862805;5000000;-3137195
The Black Dahlia;The Black Dahlia;tt0387877;5.6;22518325;50000000;-27481675
The Black Stallion;The Black Stallion;tt0078872;7.4;37799643;2700000;35099643
Bless the Child;Bless the Child;tt0163983;5.0;29374178;40000000;-10625822
Blood Brother;Broken Arrow;tt0115759;6.0;150270147;50000000;100270147
Blood on the Moon;Cop;tt0092783;6.4;1884315;2500000;-615685
Blood on the Moon;Cop;tt0092783;6.4;1884315;2500000;-615685
Blood Work;Blood Work;tt0309377;6.4;26199517;50000000;-23800483
The Blue Lagoon;The Blue Lagoon;tt0080453;5.7;58853106;4500000;54353106
The Body;Stand by Me;tt0092005;8.1;52287414;8000000;44287414
The Body Snatchers;The Invasion;tt0427392;5.9;15071514;80000000;-64928486
The Bonfire of the Vanities;The Bonfire of the Vanities;tt0099165;5.4;15691192;47000000;-31308808
Das Boot;Das Boot;tt0082096;8.4;84970337;14000000;70970337
The Bourne Identity;The Bourne Identity;tt0258463;7.9;214034224;60000000;154034224
The Bourne Supremacy;The Bourne Supremacy;tt0372183;7.8;288500217;75000000;213500217
The Bourne Ultimatum;The Bourne Ultimatum;tt0440963;8.1;442824138;110000000;332824138
The Bourne Legacy;The Bourne Legacy;tt1194173;6.7;276144750;125000000;151144750
The Boy in the Striped Pyjamas;The Boy in the Striped Pyjamas;tt0914798;7.8;9030581;12500000;-3469419
The Boys from Brazil;The Boys from Brazil;tt0077269;7.0;19000000;12000000;7000000
Breakfast of Champions;Breakfast of Champions;tt0120618;4.6;175370;12000000;-11824630
The Bride Wore Black;La mariée était en noir;tt0061955;7.3;42324;747000;-704676
Brideshead Revisited, The Sacred and Profane Memories of Captain Charles Ryder;Brideshead Revisited;tt0412536;6.7;6414563;20000000;-13585437
The Bridge of San Luis Rey;The Bridge of San Luis Rey;tt0356443;5.1;42880;24000000;-23957120
Bridge to Terabithia;Bridge to Terabithia;tt0398808;7.2;137587063;17000000;120587063
The Bridges of Madison County;The Bridges of Madison County;tt0112579;7.5;182016617;35000000;147016617
Bridget Jones;Bridget Jones's Diary;tt0243155;6.7;281929795;26000000;255929795
Bright Lights, Big City;Bright Lights, Big City;tt0094799;5.6;16118077;25000000;-8881923
Bringing Out the Dead;Bringing Out the Dead;tt0163988;6.8;16640210;55000000;-38359790
Buffalo Soldiers;Buffalo Soldiers;tt0252299;6.9;353743;15000000;-14646257
BUtterfield 8;BUtterfield 8;tt0053622;6.4;16462599;2500000;13962599
Carlito's Way;Carlito's Way;tt0106519;7.9;63848322;30000000;33848322
The House of the Spirits;The House of the Spirits;tt0107151;6.9;6265311;25000000;-18734689
Casino Royale;Casino Royale;tt0381061;8.0;599045960;150000000;449045960
The Castle;The Last Castle;tt0272020;6.9;18208078;60000000;-41791922
Catch-22;Catch-22;tt0065528;7.2;24911670;18000000;6911670
A Certain Mr. Takahashi;The Pianist;tt0253474;8.5;120072577;35000000;85072577
The Chamber;The Chamber;tt0115862;5.9;22540359;50000000;-27459641
Charlie and the Chocolate Factory;Willy Wonka & the Chocolate Factory;tt0067992;7.8;4000000;3000000;1000000
The Children of Men;Children of Men;tt0206634;7.9;68327768;76000000;-7672232
Chocolat;Chocolat;tt0241303;7.3;152699946;25000000;127699946
Christine;Christine;tt0085333;6.6;21200000;9700000;11500000
The Lion, the Witch and the Wardrobe;The Chronicles of Narnia: The Lion, the Witch and the Wardrobe;tt0363771;6.9;745013115;180000000;565013115
Prince Caspian;The Chronicles of Narnia: Prince Caspian;tt0499448;6.6;419651413;225000000;194651413
The Voyage of the Dawn Treader;The Chronicles of Narnia: The Voyage of the Dawn Treader;tt980970;6.3;418186950;155000000;263186950
The Chronicles of Prydain;The Black Cauldron;tt0088814;6.4;21288692;44000000;-22711308
The Cider House Rules;The Cider House Rules;tt0124315;7.4;88545092;24000000;64545092
Cimarron;Cimarron;tt0053715;6.4;4825000;5421000;-596000
Cirque Du Freak: The Saga of Darren Shan;Cirque du Freak: The Vampire's Assistant;tt0450405;6.0;13698390;40000000;-26301610
The City of Ember;City of Ember;tt0970411;6.5;17929684;55000000;-37070316
City of God;Cidade de Deus;tt0317248;8.7;18062482;3300000;14762482
The Clan of the Cave Bear;The Clan of the Cave Bear;tt0090848;5.3;1953732;15000000;-13046268
Clear and Present Danger;Clear and Present Danger;tt0109444;6.9;215887717;45000000;170887717
The Client;The Client;tt0109446;6.7;117600000;45000000;72600000
Clockers;Clockers;tt0112688;6.9;13040603;25000000;-11959397
A Clockwork Orange;A Clockwork Orange;tt0066921;8.4;26589355;2200000;24389355
El Club Dumas;The Ninth Gate;tt0142688;6.7;58000000;38000000;20000000
Cold Mountain;Cold Mountain;tt0159365;7.2;173013509;79000000;94013509
The Color of Money;The Color of Money;tt0090863;7.0;52293982;13800000;38493982
The Color Purple;The Color Purple;tt0088939;7.8;146292009;15000000;131292009
Cool Hand Luke;Cool Hand Luke;tt0061512;8.2;16217773;3000000;13217773
The Count of Monte Cristo;The Count of Monte Cristo;tt0245844;7.7;75395048;35000000;40395048
Congo;Congo;tt0112715;5.0;152022101;50000000;102022101
Contact;Contact;tt0118884;7.4;171120329;90000000;81120329
Cool Hand Luke;Cool Hand Luke;tt0061512;8.2;16217773;3000000;13217773
Corazon salvaje;Wild at Heart;tt0100935;7.3;14560247;9500000;5060247
The Cowboys;The Cowboys;tt0068421;7.4;7500000;6000000;1500000
Crash;Crash;tt0115964;6.4;3168660;9000000;-5831340
O Crime do Padre Amaro;El crimen del Padre Amaro;tt0313196;6.8;5709616;1800000;3909616
Crouching Tiger, Hidden Dragon;Wo hu cang long;tt0190332;7.9;213525736;15000000;198525736
Cry Wolf;Cry_Wolf;tt0384286;5.9;15585495;1000000;14585495
Cycle of the Werewolf;Skyfall;tt1074638;7.8;1108561013;200000000;908561013
The Da Vinci Code;The Da Vinci Code;tt0382625;6.5;758239851;125000000;633239851
Dad (William Wharton);Dad;tt0097142;6.1;19738015;19000000;738015
Damnation Alley;Damnation Alley;tt0075909;5.2;8720000;17000000;-8280000
The Damned Utd;The Damned United;tt1226271;7.6;449558;10000000;-9550442
Dances with Wolves (Michael Blake);Dances with Wolves;tt0099348;8.0;424200000;19000000;405200000
The Dangerous Lives of Altar Boys (Chris Fuhrman);The Dangerous Lives of Altar Boys;tt0238924;7.1;1779284;12000000;-10220716
The Dark Is Rising Sequence;The Seeker: The Dark Is Rising;tt0484562;4.8;8791738;45000000;-36208262
The Day the World Ended (Gordon Thomas);When Time Ran Out...;tt0081747;4.3;1700000;20000000;-18300000
The Dead Take No Bows (Richard Bruke);Dressed to Kill;tt0080661;7.1;31899000;6500000;25399000
The Dead Zone;The Dead Zone;tt0085407;7.2;20766000;10000000;10766000
Dear John;Dear John;tt0989757;6.3;114977104;25000000;89977104
Death Sentence (Brian Garfield);Death Sentence;tt0804461;6.8;9479756;20000000;-10520244
Death Wish (Brian Garfield);Death Wish;tt0071402;7.0;22000000;3000000;19000000
December Boys (Michael Noonan);December Boys;tt0465436;6.6;46474;4000000;-3953526
The Deep (Peter Benchley);The Deep;tt0075925;6.1;47346365;9000000;38346365
The Deep End of the Ocean (Jacquelyn Mitchard);The Deep End of the Ocean;tt0120646;6.3;27655433;40000000;-12344567
Deliverance (James Dickey);Deliverance;tt0068473;7.8;46122355;2000000;44122355
D'entre les morts (Pierre Boileau and Thomas Narcejac);Vertigo;tt0052357;8.4;25000000;2479000;22521000
Desert of the Heart (Jane Rule);Desert Hearts;tt0089015;7.0;2492088;1250000;1242088
The Devil Wears Prada (Lauren Weisberger);The Devil Wears Prada;tt0458352;6.8;326551094;35000000;291551094
The Devil's Advocate (Andrew Neiderman);The Devil's Advocate;tt0118971;7.5;152944660;57000000;95944660
Diamonds Are Forever (Ian Fleming);Diamonds Are Forever;tt0066995;6.7;116000000;7200000;108800000
Disclosure (Michael Crichton);Disclosure;tt0109635;6.0;214015089;32000000;182015089
Il disprezzo (Alberto Moravia);Le mépris;tt0057345;7.7;528428;900000;-371572
Divine Secrets of the Ya-Ya Sisterhood (Rebecca Wells);Divine Secrets of the Ya-Ya Sisterhood;tt0279778;5.9;73839240;27000000;46839240
Do Androids Dream of Electric Sheep? (Philip K. Dick);Blade Runner;tt0083658;8.2;32868943;28000000;4868943
Doctor Zhivago;Doctor Zhivago;tt0059113;8.0;111721910;11000000;100721910
Don't Say a Word;Don't Say a Word;tt0260866;6.3;100020092;50000000;50020092
The Double Take;I Love Trouble;tt0110093;5.2;61947267;45000000;16947267
Dracula (Bram Stoker);Dracula;tt0103874;7.5;215862692;40000000;175862692
Dreamcatcher;Dreamcatcher;tt0285531;5.5;75715436;68000000;7715436
Dr. No;Dr. No;tt0055928;7.3;59600000;1100000;58500000
The Eagle of the Ninth;The Eagle;tt1034389;6.2;27122040;25000000;2122040
Eaters of the Dead;The 13th Warrior;tt0120657;6.6;32698899;85000000;-52301101
Election (Tom Perrotta);Election;tt0126886;7.3;14879556;8000000;6879556
Elephant Walk;Elephant Walk;tt0046951;6.3;3000000;3000000;0
Elmer Gantry;Elmer Gantry;tt0053793;7.9;11336000;3000000;8336000
Emma;Emma;tt0116191;6.8;22201883;6000000;16201883
Empire of the Sun;Empire of the Sun;tt0092965;7.8;66700000;35000000;31700000
The End of the Affair;The End of the Affair;tt0172396;7.2;10660147;23000000;-12339853
Endless Love;Endless Love;tt2318092;6.3;23393765;20000000;3393765
Enemy Mine;Enemy Mine;tt0089092;6.9;12303411;40000000;-27696589
The English Patient;The English Patient;tt0116209;7.4;231976425;27000000;204976425
Eragon;Eragon;tt0449010;5.1;249488115;100000000;149488115
Everything Is Illuminated;Everything Is Illuminated;tt0404030;7.5;1705595;7000000;-5294405
The Executioners;Cape Fear;tt0101540;7.3;182300000;35000000;147300000
Exit to Eden;Exit to Eden;tt0109758;4.0;6841570;25000000;-18158430
Exit Wounds;Exit Wounds;tt0242445;5.5;79958599;33000000;46958599
Exodus;Exodus;tt0053804;6.8;21750000;4000000;17750000
The Exorcist;The Exorcist;tt0070047;8.0;441306145;8000000;433306145
Falling Angel;Angel Heart;tt0092563;7.3;17185632;17000000;185632
The Fan (Peter Abrahams);The Fan;tt0116277;5.8;18573791;55000000;-36426209
Fantastic Mr Fox;Fantastic Mr. Fox;tt0432283;7.8;46471023;40000000;6471023
A Farewell to Arms;A Farewell to Arms;tt0050379;5.9;25000000;4353000;20647000
Farewell to the King (L'Adieu au Roi);Farewell to the King;tt0097334;6.3;2420917;20000000;-17579083
Father of Frankenstein;Gods and Monsters;tt0120684;7.5;6390032;3500000;2890032
Father Sky;Taps;tt0083169;6.7;35856053;14000000;21856053
Fear and Loathing in Las Vegas;Fear and Loathing in Las Vegas;tt0120669;7.7;10680275;18500000;-7819725
The Feather Men;Killer Elite;tt1448755;6.5;25093607;35000000;-9906393
The Fellowship of the Ring;The Lord of the Rings: The Fellowship of the Ring;tt0120737;8.8;871530324;93000000;778530324
Fever Pitch;Fever Pitch;tt0332047;6.2;42071069;30000000;12071069
Fight Club;Fight Club;tt0137523;8.9;100853753;63000000;37853753
Firefox (Craig Thomas);Firefox;tt0083943;5.9;70687344;21000000;49687344
Firestarter (Stephen King);Firestarter;tt0087262;6.0;15100000;15000000;100000
The Firm (John Grisham);The Firm;tt0106918;6.8;270248367;42000000;228248367
First Blood;First Blood;tt0083944;7.7;125212904;14000000;111212904
The First Wives Club;The First Wives Club;tt0116313;6.2;181489203;26000000;155489203
Flight of the Intruder;Flight of the Intruder;tt0099587;5.7;14587732;35000000;-20412268
Focus (Arthur Miller);Focus;tt2381941;6.6;159012963;50100000;108912963
For Love of the Game;For Love of the Game;tt0126916;6.5;35168395;80000000;-44831605
For Whom the Bell Tolls;For Whom the Bell Tolls;tt0035896;7.0;17800000;3000000;14800000
Force 10 From Navarone;Force 10 from Navarone;tt0077572;6.3;7230000;5000000;2230000
Forever Amber;Forever Amber;tt0039391;6.8;16000000;6000000;10000000
Forrest Gump;Forrest Gump;tt0109830;8.8;677945399;55000000;622945399
The Fox and the Hound;The Fox and the Hound;tt0082406;7.3;63456988;12000000;51456988
Frankenstein (Mary Shelley);Young Frankenstein;tt0072431;8.1;86300000;2800000;83500000
Freaky Friday;Freaky Friday;tt0322330;6.1;160846332;26000000;134846332
Freedomland;Freedomland;tt0349467;5.1;12512886;37665000;-25152114
Fried Green Tomatoes at the Whistle Stop Cafe;Fried Green Tomatoes;tt0101921;7.6;119418501;11000000;108418501
The Friendly Persuasion;Friendly Persuasion;tt0049233;7.5;8000000;3000000;5000000
From Here to Eternity;From Here to Eternity;tt0045793;7.8;30500000;1650000;28850000
From Russia, with Love;From Russia with Love;tt0057076;7.5;78900000;2000000;76900000
Funny Farm;Funny Farm;tt0095188;6.1;25537221;19000000;6537221
The Fury (John Farris);The Fury;tt0077588;6.4;24000000;5500000;18500000
The Garden of God;Return to the Blue Lagoon;tt0102782;5.0;2807854;11000000;-8192146
Get Shorty;Get Shorty;tt0113161;6.9;115101622;30250000;84851622
The Getaway (Jim Thompson);The Getaway;tt0068638;7.5;58831997;3352254;55479743
The Ghost (Robert Harris);The Ghost Writer;tt1139328;7.2;73741549;45000000;28741549
Giant (Edna Ferber);Giant;tt0049261;7.7;35000000;5400000;29600000
The Gingerbread Man (John Grisham);The Gingerbread Man;tt0119196;5.7;1534569;25000000;-23465431
The Glass Inferno;The Towering Inferno;tt0072308;6.9;139700000;14000000;125700000
The Godfather (Mario Puzo);The Godfather;tt0068646;9.2;245066411;6000000;239066411
Gods and Generals;Gettysburg;tt0107007;7.7;10769960;25000000;-14230040
The Golden Bowl;The Golden Bowl;tt0200669;5.9;3037579;15000000;-11962421
Goldfinger;Goldfinger;tt0058150;7.8;124900000;3000000;121900000
Gone with the Wind;Gone with the Wind;tt0031381;8.2;400176459;3977000;396199459
The Good German;The Good German;tt0452624;6.1;5914908;32000000;-26085092
A Good Year (Peter Mayle);A Good Year;tt0401445;6.9;7458269;35000000;-27541731
Goodbye Piccadilly, Farewell Leicester Square;Frenzy;tt0068611;7.5;16000000;2000000;14000000
Great Expectations;Great Expectations;tt0119223;6.8;55494066;25000000;30494066
The Great Gatsby;The Great Gatsby;tt1343092;7.3;351040419;105000000;246040419
The Great Train Robbery;The First Great Train Robbery;tt0079240;7.0;13027857;6000000;7027857
The Green Mile;The Green Mile;tt0120689;8.5;286801374;60000000;226801374
Gulliver's Travels;Gulliver's Travels;tt1320261;4.9;237382724;112000000;125382724
The Guns of Navarone;The Guns of Navarone;tt0054953;7.6;28900000;6000000;22900000
Hannibal (Thomas Harris);Hannibal;tt0212985;6.7;351692268;87000000;264692268
Harry Potter;Harry Potter and the Sorcerer's Stone;tt0241527;7.5;974755371;125000000;849755371
Harry Potter and the Philosopher's Stone;Harry Potter and the Sorcerer's Stone;tt0241527;7.5;974755371;125000000;849755371
Harry Potter and the Chamber of Secrets;Harry Potter and the Chamber of Secrets;tt0295297;7.4;878979634;100000000;778979634
Harry Potter and the Prisoner of Azkaban;Harry Potter and the Prisoner of Azkaban;tt0304141;7.8;796688549;130000000;666688549
Harry Potter and the Goblet of Fire;Harry Potter and the Goblet of Fire;tt0330373;7.6;896911078;150000000;746911078
Harry Potter and the Order of the Phoenix;Harry Potter and the Order of the Phoenix;tt0373889;7.5;939885929;150000000;789885929
Harry Potter and the Half-Blood Prince;Harry Potter and the Half-Blood Prince;tt0417741;7.5;934416487;250000000;684416487
Harry Potter and the Deathly Hallows;Harry Potter and the Deathly Hallows: Part 2;tt1201607;8.1;1341511219;125000000;1216511219
Hart's War;Hart's War;tt0251114;6.3;32286000;60000000;-27714000
The Haunting of Hill House;The Haunting;tt0057129;7.6;2616000;1400000;1216000
Hawaii (James A. Michener);Hawaii;tt0060491;6.5;34562222;15000000;19562222
Headhunters (Jules Bass);Monte Carlo;tt1067774;5.8;39667665;20000000;19667665
The Hellbound Heart;Hellraiser;tt0093177;7.1;14564027;1000000;13564027
The Help (Kathryn Stockett);The Help;tt1454029;8.1;216639112;25000000;191639112
High Fidelity;High Fidelity;tt0146882;7.6;27277055;20000000;7277055
A History of Violence;A History of Violence;tt0399146;7.5;31493782;32000000;-506218
The Hitchhiker's Guide to the Galaxy;The Hitchhiker's Guide to the Galaxy;tt0371724;6.8;104478416;50000000;54478416
The Hobbit;The Hobbit: An Unexpected Journey;tt0903624;7.9;1021103568;180000000;841103568
The Honorary Consul;The Honorary Consul;tt0085236;5.7;5997566;11800000;-5802434
The Host (Stephenie Meyer);The Host;tt1517260;5.9;63327201;40000000;23327201
The Hours (Michael Cunningham);The Hours;tt0274558;7.6;108846072;25000000;83846072
How Green Was My Valley;How Green Was My Valley;tt0033729;7.8;6000000;1250000;4750000
The Howling;The Howling;tt0082533;6.6;17986000;1000000;16986000
The Human Stain;The Human Stain;tt0308383;6.3;24863804;30000000;-5136196
The Hundred and One Dalmatians;One Hundred and One Dalmatians;tt0055254;7.2;215880014;4000000;211880014
The Hunger Games;The Hunger Games;tt1392170;7.3;694394724;78000000;616394724
Mockingjay;Mockingjay - Part 1;tt1951265;6.8;755356711;125000000;630356711
The Hunt for Red October;The Hunt for Red October;tt0099810;7.6;200512643;30000000;170512643
I Am Legend;I Am Legend;tt0480249;7.2;585349010;150000000;435349010
I Am Number Four;I Am Number Four;tt1464540;6.1;149878437;50000000;99878437
I Know What You Did Last Summer;I Know What You Did Last Summer;tt0119345;5.6;125586134;17000000;108586134
I Love You, Beth Cooper;I Love You, Beth Cooper;tt1032815;5.3;14793904;18000000;-3206096
If I Die Before I Wake;The Lady from Shanghai;tt0040525;7.7;7927;2300000;-2292073
Im Westen Nichts Neues;All Quiet on the Western Front;tt0020629;8.1;3270000;1448864;1821136
Immortality, Inc.;Freejack;tt0104299;5.3;17129000;30000000;-12871000
In Country (Bobbie Ann Mason);In Country;tt0097570;5.9;3531971;18000000;-14468029
Interview with the Vampire;Interview with the Vampire: The Vampire Chronicles;tt0110148;7.6;223664608;60000000;163664608
The Iron Man (Ted Hughes);The Iron Giant;tt0129167;8.0;80000000;48000000;32000000
The Island;The Island;tt0399201;6.9;162949164;126000000;36949164
It Can't Happen Here;Shadow of the Vampire;tt0189998;6.9;8279017;8000000;279017
Ivanhoe;Ivanhoe;tt0044760;6.9;24729920;3842000;20887920
James and the Giant Peach;James and the Giant Peach;tt0116683;6.7;28934758;38000000;-9065242
Jaws;Jaws;tt0073195;8.1;470653000;8000000;462653000
Jitter Joint;D-Tox;tt0160184;5.2;6416302;55000000;-48583698
Journey to the West;The Forbidden Kingdom;tt0865556;6.6;127980002;55000000;72980002
The Joy Luck Club;The Joy Luck Club;tt0107282;7.6;32861136;11000000;21861136
The Juggler (Donald E. Westlake);Made in U.S.A;tt0060647;6.5;81105;50000;31105
Jumanji;Jumanji;tt0113497;6.9;262797249;50000000;212797249
Jurassic Park;Jurassic Park;tt0107290;8.1;1029153882;63000000;966153882
The King's Damosel;Quest for Camelot;tt0120800;6.2;22717758;40000000;-17282242
The Killer Angels;Gettysburg;tt0107007;7.7;10769960;25000000;-14230040
The Killer Inside Me;The Killer Inside Me;tt0954947;6.1;214966;13000000;-12785034
Kiss the Girls;Kiss the Girls;tt0119468;6.6;60527873;27000000;33527873
Kuroi Ame;Black Rain;tt0096933;6.6;134212055;30000000;104212055
L.A. Confidential;L.A. Confidential;tt0119488;8.3;126216940;35000000;91216940
The Lady of the Camellias;Camille;tt0028683;7.6;1688000;1486000;202000
The Lair of the White Worm;The Lair of the White Worm;tt0095488;5.8;1189315;2500000;-1310685
The Last of the Mohicans;The Last of the Mohicans;tt0104691;7.8;75505856;40000000;35505856
The Last Picture Show;The Last Picture Show;tt0067328;8.1;29133000;1300000;27833000
The Last Song;The Last Song;tt1294226;5.8;89041656;20000000;69041656
Lay This Laurel;Glory;tt0097441;7.9;26830000;18000000;8830000
Left Behind;Left Behind;tt2467046;3.1;6300147;16000000;-9699853
Let the Right One In;Låt den rätte komma in;tt1139797;8.0;7282007;4000000;3282007
Les Liaisons dangereuses;Dangerous Liaisons;tt0094947;7.7;34700000;14000000;20700000
Life of Pi;Life of Pi;tt0454876;8.0;609016565;120000000;489016565
The Lincoln Lawyer;The Lincoln Lawyer;tt1189340;7.3;87145086;40000000;47145086
Like a Fire is Burning;The Work and the Glory II: American Zion;tt0457530;6.5;2025032;6500000;-4474968
Live and Let Die;Live and Let Die;tt0070328;6.8;126377836;7000000;119377836
Logan's Run;Logan's Run;tt0074812;6.8;25000000;9000000;16000000
Lolita;Lolita;tt0119558;6.9;1060056;58000000;-56939944
The Lord of the Rings;The Lord of the Rings: The Return of the King;tt0167260;8.9;1119929521;94000000;1025929521
The Lost World (Michael Crichton);The Lost World: Jurassic Park;tt0119567;6.5;618638999;73000000;545638999
Love Story (Erich Segal);Love Story;tt0066011;6.9;136400000;2200000;134200000
The Lovely Bones;The Lovely Bones;tt0380510;6.7;93621340;65000000;28621340
The Luck of Barry Lyndon;Barry Lyndon;tt0072684;8.1;31500000;11000000;20500000
The Lucky One;The Lucky One;tt1327194;6.5;99357138;25000000;74357138
Lunes de fiel;Bitter Moon;tt0104779;7.1;1862805;5000000;-3137195
Madame Doubtfire;Mrs. Doubtfire;tt0107614;6.9;441286195;25000000;416286195
The Magic Bed Knob;Bedknobs and Broomsticks;tt0066817;7.0;18530000;20000000;-1470000
The Maltese Falcon;The Maltese Falcon;tt0033870;8.2;1772000;375000;1397000
Man on Fire;Man on Fire;tt0328107;7.7;130293714;70000000;60293714
The Man with the Golden Gun;The Man with the Golden Gun;tt0071807;6.8;97600000;13000000;84600000
The Manchurian Candidate;The Manchurian Candidate;tt0368008;6.6;65948711;80000000;-14051289
Marnie;Marnie;tt0058329;7.2;7000000;3000000;4000000
Mary Poppins;Mary Poppins;tt0058331;7.8;115272727;6000000;109272727
MASH: A Novel About Three Army Doctors;M*A*S*H;tt0066026;7.6;81600000;3500000;78100000
Matilda (Roald Dahl);Matilda;tt0117008;6.8;33084249;36000000;-2915751
Maurice (E. M. Forster);Maurice;tt0093512;7.8;3130592;2600000;530592
The Memoirs of Cleopatra;Cleopatra;tt0056937;7.0;71777778;31115000;40662778
Message in a Bottle;Message in a Bottle;tt0139462;6.1;118880016;80000000;38880016
A Midnight Clear;A Midnight Clear;tt0102443;7.2;1526697;5000000;-3473303
The Midwich Cuckoos;Village of the Damned;tt0114852;5.6;9417567;22000000;-12582433
The Girl with the Dragon Tattoo (Millennium series) (Stieg Larsson);The Girl with the Dragon Tattoo;tt1568346;7.8;232617430;90000000;142617430
Les Miserables;Les Miserables;tt1707386;7.6;441809770;61000000;380809770
Misery (Stephen King);Misery;tt0100157;7.8;61276872;20000000;41276872
Moonraker;Moonraker;tt0079574;6.3;210308099;34000000;176308099
The Mortal Instruments;The Mortal Instruments: City of Bones;tt1538403;6.0;90565421;60000000;30565421
The Mosquito Coast;The Mosquito Coast;tt0091557;6.6;14302779;25000000;-10697221
Mother Night;Mother Night;tt0117093;7.2;392362;6000000;-5607638
Mrs. Frisby and the Rats of NIMH;The Secret of NIMH;tt0084649;7.6;14665733;7000000;7665733
Murphy’s Romance: A Novel;Murphy's Romance;tt0089643;6.9;30762621;13000000;17762621
Mute Witness;Bullitt;tt0062765;7.5;42300873;5500000;36800873
The Mysterious Island;20,000 Leagues Under the Sea;tt0046672;7.2;28200000;5000000;23200000
Mystic River;Mystic River;tt0327056;8.0;156822020;30000000;126822020
Naked Lunch;Naked Lunch;tt0102511;7.1;2541541;16000000;-13458459
The Nanny Diaries;The Nanny Diaries;tt0489237;6.2;25925170;20000000;5925170
The Natural (Bernard Malamud);The Natural;tt0087781;7.5;47951979;28000000;19951979
The Neverending Story;Die unendliche Geschichte;tt0088323;7.4;100000000;27000000;73000000
The Night of the Iguana;The Night of the Iguana;tt0058404;7.8;12000000;3000000;9000000
Night Watch (Sergey Lukyanenko);Nochnoy dozor;tt0403358;6.5;31933365;4200000;27733365
Nine and a Half Weeks: A Memoir of a Love Affair;Nine 1/2 Weeks;tt0091635;5.9;6734844;17000000;-10265156
No Country for Old Men;No Country for Old Men;tt0477348;8.1;171627166;25000000;146627166
Northern Lights (Philip Pullman);The Golden Compass;tt0385752;6.1;372234864;180000000;192234864
Northwest Passage;'Northwest Passage' (Book I -- Rogers' Rangers);tt0032851;7.1;3150000;2677762;472238
The Notebook (Nicholas Sparks);The Notebook;tt0332280;7.9;116072707;29000000;87072707
Nothing Lasts Forever;Die Hard;tt0095016;8.2;140767956;28000000;112767956
Nurse Matilda;Nanny McPhee;tt0396752;6.6;122489822;25000000;97489822
Odyssey (Homer);O Brother, Where Art Thou?;tt0190590;7.8;45506619;26000000;19506619
Oil! (Upton Sinclair);There Will Be Blood;tt0469494;8.1;40218903;25000000;15218903
On Her Majesty's Secret Service;On Her Majesty's Secret Service;tt0064757;6.8;87400000;7000000;80400000
On Stranger Tides;Pirates of the Caribbean: On Stranger Tides;tt1298650;6.7;1045713802;250000000;795713802
One Flew Over the Cuckoo's Nest;One Flew Over the Cuckoo's Nest;tt0073486;8.7;112000000;4400000;107600000
One for the Money;One for the Money;tt1598828;5.3;36893721;40000000;-3106279
One Gallant Rush;Glory;tt0097441;7.9;26830000;18000000;8830000
One Shot;Jack Reacher;tt0790724;7.0;218340595;57000000;161340595
The Onion Field;The Onion Field;tt0079668;7.0;9890597;2000000;7890597
Lauran Paine;Open Range;tt0316356;7.5;68296293;22000000;46296293
Ordinary People;Ordinary People;tt0081283;7.8;54766923;6000000;48766923
Orlando: A Biography;Orlando;tt0107756;7.2;5289772;4000000;1289772
The Other Boleyn Girl;The Other Boleyn Girl;tt0467200;6.7;26814957;35000000;-8185043
Out of Sight (Elmore Leonard);Out of Sight;tt0120780;7.1;37339525;48000000;-10660475
The Outsiders (S. E. Hinton);The Outsiders;tt0086066;7.2;25600000;10000000;15600000
The Painted Veil;The Painted Veil;tt0446755;7.5;26522838;19400000;7122838
A Passage to India;A Passage to India;tt0087892;7.4;27187653;16000000;11187653
Patriot Games;Patriot Games;tt0105112;6.9;178000000;42000000;136000000
The Pelican Brief;The Pelican Brief;tt0107798;6.5;195268056;45000000;150268056
The Penal Colony (Richard Herley);No Escape;tt0110678;6.0;15340000;20000000;-4660000
Percy Jackson and the Olympians;Percy Jackson & the Olympians: The Lightning Thief;tt0814255;5.9;226497209;95000000;131497209
Pet Sematary;Pet Sematary;tt0098084;6.6;57469179;11500000;45969179
Peter Pan, or The Boy Who Wouldn't Grow Up;Finding Neverland;tt0308644;7.8;116766556;25000000;91766556
The Phantom of the Opera;The Phantom of the Opera;tt0293508;7.4;154648887;70000000;84648887
El Pianista;The Pianist;tt0253474;8.5;120072577;35000000;85072577
The Pillar of Light;The Work and the Glory;tt0410454;6.9;3347647;7500000;-4152353
The Pirates! (Gideon Defoe);The Pirates! In an Adventure with Scientists;tt1430626;6.7;123054041;68054041;55000000
La Planete des singes;Planet of the Apes;tt0063442;8.0;33395426;5800000;27595426
The Polar Express;The Polar Express;tt0338348;6.6;307514317;165000000;142514317
Le Pont de la Riviere Kwai;The Bridge on the River Kwai;tt0050212;8.2;44908000;3000000;41908000
The Pope of Greenwich Village;The Pope of Greenwich Village;tt0087932;6.7;6836201;8000000;-1163799
The Poseidon Adventure;The Poseidon Adventure;tt0069113;7.1;84563118;5000000;79563118
The Positronic Man;Bicentennial Man;tt0182789;6.8;93700000;100000000;-6300000
Possession: A Romance;Possession;tt0256276;6.4;10103647;25000000;-14896353
The Postman (David Brin);The Postman;tt0119925;5.9;17626234;80000000;-62373766
Pride and Prejudice;Pride & Prejudice;tt0414387;7.8;121147947;28000000;93147947
The Prince of Tides;The Prince of Tides;tt0102713;6.6;74787599;30000000;44787599
The Princess Bride;The Princess Bride;tt0093779;8.1;30857814;16000000;14857814
The Princess Diaries;The Princess Diaries;tt0247638;6.2;165335153;37000000;128335153
A Princess of Mars;John Carter;tt0401729;6.6;284139100;263700000;20439100
The Prisoner of Zenda;The Prisoner of Zenda;tt0079753;4.9;2425315;12500000;-10074685
Psycho (Robert Bloch);Psycho;tt0054215;8.5;50000000;806947;49193053
Psycho II;Psycho II;tt0086154;6.4;34725000;5000000;29725000
Pursuit (Richard Unekis);Dirty Mary Crazy Larry;tt0071424;6.7;28401735;2000000;26401735
The Queen of the Damned;Queen of the Damned;tt0238546;5.2;45479110;35000000;10479110
Quentin Durward;Quentin Durward;tt0048528;6.4;2175000;2470000;-295000
The Quick and the Dead;The Quick and the Dead;tt0114214;6.4;18636537;32000000;-13363463
The Quiet American;The Quiet American;tt0258068;7.1;12987647;30000000;-17012353
Radio Free Albemuth;Radio Free Albemuth;tt1129396;5.8;5553;3600000;-3594447
The Rainbird Pattern;Family Plot;tt0074512;6.8;13200000;4490375;8709625
The Rainmaker;The Rainmaker;tt0119978;7.1;45856732;40000000;5856732
Raise the Titanic!;Raise the Titanic;tt0081400;4.6;7000000;36000000;-29000000
Random Hearts;Random Hearts;tt0156934;5.0;74160911;64000000;10160911
Ratman's Notebooks;Willard;tt0310357;6.1;8546666;22000000;-13453334
The Razor's Edge;The Razor's Edge;tt0087980;6.6;6551987;13000000;-6448013
The Reader;The Reader;tt0976051;7.6;34194407;32000000;2194407
The Rebel Outlaw: Josey Wales;The Outlaw Josey Wales;tt0075029;7.9;38000000;3700000;34300000
Red Alert;Dr. Strangelove or: How I Learned to Stop Worrying and Love the Bomb;tt0057012;8.5;9440272;1800000;7640272
Red Dragon (Thomas Harris);Manhunter;tt0091474;7.2;8620929;15000000;-6379071
The Remains of the Day;The Remains of the Day;tt0107943;7.9;22954968;11500000;11454968
The Rescuers;The Rescuers;tt0076618;6.9;71215869;1200000;70015869
The Return of the King;The Lord of the Rings: The Return of the King;tt0167260;8.9;1119929521;94000000;1025929521
Revolutionary Road;Revolutionary Road;tt0959337;7.3;75225693;35000000;40225693
The Highland Rogue;Rob Roy;tt0114287;6.9;31600000;28000000;3600000
The Robe;The Robe;tt0046247;6.8;36000000;5000000;31000000
A Room with a View;A Room with a View;tt0091867;7.4;20966644;3000000;17966644
Rosemary's Baby;Rosemary's Baby;tt0063522;8.0;33395426;2300000;31095426
The Rules of Attraction;The Rules of Attraction;tt0292644;6.8;11805917;4000000;7805917
Rum Punch;Jackie Brown;tt0119396;7.5;74727492;12000000;62727492
The Runaway Jury;Runaway Jury;tt0313542;7.1;67338219;60000000;7338219
Paula Gosling;Cobra;tt0090859;5.6;160000000;25000000;135000000
The Running Man;The Running Man;tt0093894;6.6;38122105;27000000;11122105
Sahara;Sahara;tt0318649;6.0;119269486;130000000;-10730514
The Sand Pebbles;The Sand Pebbles;tt0060934;7.7;30017647;12000000;18017647
A Scanner Darkly;A Scanner Darkly;tt0405296;7.1;7659918;8500000;-840082
Armitage Trail;Scarface;tt0086250;8.3;65884703;25000000;40884703
Schindler's Ark;Schindler's List;tt0108052;8.9;321306305;22000000;299306305
The Secret Life of Bees;The Secret Life of Bees;tt0416212;7.3;39947322;11000000;28947322
Sense and Sensibility;Sense and Sensibility;tt0114388;7.7;135000000;16500000;118500000
The Shining;The Shining;tt0081505;8.4;44017374;19000000;25017374
The Shipping News;The Shipping News;tt0120824;6.8;24690441;35000000;-10309559
Shutter Island;Shutter Island;tt1130884;8.1;294804195;80000000;214804195
Sideways;Sideways;tt0375063;7.6;109706931;12000000;97706931
The Siege of Trencher's Farm;Straw Dogs;tt0999913;5.8;10324441;25000000;-14675559
The Silence of the Lambs;The Silence of the Lambs;tt0102926;8.6;272742922;19000000;253742922
A Simple Plan;A Simple Plan;tt0120324;7.5;16311763;17000000;-688237
Simple Simon;Mercury Rising;tt0120749;6.1;93107289;60000000;33107289
The Sisterhood of the Traveling Pants;The Sisterhood of the Traveling Pants;tt0403508;6.6;42013878;25000000;17013878
Skipping Christmas;Christmas with the Kranks;tt0388419;5.2;96572480;60000000;36572480
Sleeping with the Enemy;Sleeping with the Enemy;tt0102945;6.1;174999005;19000000;155999005
Sliver;Sliver;tt0108162;4.9;116300000;40000000;76300000
Something Wicked This Way Comes;Something Wicked This Way Comes;tt0086336;6.8;8400000;19000000;-10600000
The Space Vampires;Lifeforce;tt0089489;6.1;11603545;25000000;-13396455
Spartacus;Spartacus;tt0054331;7.9;60000000;12000000;48000000
Sphere;Sphere;tt0120184;6.0;37020277;75000000;-37979723
Spider (Patrick McGarth);Spider;tt0278731;6.9;3821651;8000000;-4178349
The Spiderwick Chronicles;The Spiderwick Chronicles;tt0416236;6.6;162839667;90000000;72839667
The Spy Who Loved Me;The Spy Who Loved Me;tt0076752;7.1;185400000;14000000;171400000
Stardust (Neil Gaiman);Stardust;tt0486655;7.7;135560026;70000000;65560026
Stars In My Crown;Stars in My Crown;tt0042998;7.6;2146000;1175000;971000
Starship Troopers;Starship Troopers;tt0120201;7.2;121214377;100000000;21214377
A Stir of Echoes;Stir of Echoes;tt0164181;7.0;21133087;12000000;9133087
Strange Case of Dr Jekyll and Mr Hyde;The Strange Case of Dr. Jekyll and Mr. Hyde;tt0472186;3.9;19111;750000;-730889
Strip Tease (Carl Hiaasen);Striptease;tt0117765;4.3;113309743;40000000;73309743
Stuart Little;Stuart Little;tt0164912;5.9;300135367;133000000;167135367
Stupeur et Tremblement;Vertigo;tt0052357;8.4;25000000;2479000;22521000
The Sum of All Fears;The Sum of All Fears;tt0164184;6.4;193921372;68000000;125921372
Summer Pass;Yihe yuan;tt0794374;7.0;62707;2500000;-2437293
The Swarm (Arthur Herzog);The Swarm;tt0078350;4.3;10000000;21000000;-11000000
Tales of the South Pacific;South Pacific;tt0052225;7.0;36800000;6000000;30800000
Terms of Endearment;Terms of Endearment;tt0086425;7.4;108423489;8000000;100423489
These Foolish Things;The Best Exotic Marigold Hotel;tt1412386;7.3;136836156;10000000;126836156
Thor (Wayne Smith);Bad Moon;tt0115610;5.6;1055525;7000000;-5944475
Thunderball;Thunderball;tt0059800;7.0;141200000;9000000;132200000
Three-Ten to Yuma;3:10 to Yuma;tt0381849;7.8;53606916;55000000;-1393084
The Three Worlds of Johnny Handsome;Johnny Handsome;tt0097626;6.1;7237794;20000000;-12762206
A Time to Kill;A Time to Kill;tt0117913;7.4;152266007;40000000;112266007
The Time Traveler's Wife;The Time Traveler's Wife;tt0452694;7.1;101344412;39000000;62344412
Timeline (Michael Crichton);Timeline;tt0300556;5.6;43935763;80000000;-36064237
To Catch a Thief;To Catch a Thief;tt0048728;7.5;8750000;2500000;6250000
To Kill a Mockingbird;To Kill a Mockingbird;tt0056592;8.4;13129846;2000000;11129846
To Sir, With Love;To Sir, with Love;tt0062376;7.7;42432803;640000;41792803
The Tower (Richard Martin Stern);The Towering Inferno;tt0072308;6.9;139700000;14000000;125700000
Trainspotting;Trainspotting;tt0117951;8.2;16501785;3500000;13001785
Treasure Island;Treasure Planet;tt0133240;7.1;109578115;140000000;-30421885
The Treasure of the Sierra Madre;The Treasure of the Sierra Madre;tt0040897;8.3;4307000;3000000;1307000
Les Trois Mousquetaires;The Three Musketeers;tt1509767;5.8;132274484;75000000;57274484
True Grit;True Grit;tt1403865;7.7;252276927;38000000;214276927
The Twenty-fifth Hour;25th Hour;tt0307901;7.7;13060843;15000000;-1939157
Twilight (Stephenie Meyer);Twilight;tt1099212;5.2;392616625;37000000;355616625
New Moon;The Twilight Saga: New Moon;tt1259571;4.6;709827462;50000000;659827462
Eclipse;The Twilight Saga: Eclipse;tt1325004;4.9;698491347;68000000;630491347
Breaking Dawn;The Twilight Saga: Breaking Dawn - Part 2;tt1673434;5.6;832660037;120000000;712660037
The Two Towers;The Lord of the Rings: The Two Towers;tt0167261;8.7;926047111;94000000;832047111
The Unbearable Lightness of Being;The Unbearable Lightness of Being;tt0096332;7.4;10006806;17000000;-6993194
Union Street (Pat Barker);Stanley & Iris;tt0100680;6.2;5820015;23000000;-17179985
Valley of the Dolls;Valley of the Dolls;tt0062430;5.8;50000000;5000000;45000000
Vampire$;Vampires;tt0120877;6.1;20241395;20000000;241395
Vanity Fair (William Makepeace Thackeray);Vanity Fair;tt0241025;6.2;19247496;23000000;-3752504
Vengeance: The True Story of an Israeli Counter-Terrorist Team;Munich;tt0408306;7.6;130358911;70000000;60358911
Vengeance Valley;Vengeance Valley;tt0044186;5.9;3146000;1008000;2138000
A Very Private Gentleman;The American;tt1440728;6.3;67876281;20000000;47876281
Vespers in Vienna;The Red Danube;tt0041788;6.4;1859000;1961000;-102000
The Vicomte of Bragelonne: Ten Years Later;The Man in the Iron Mask;tt0120744;6.4;182968902;35000000;147968902
Vingt mille lieues sous les mers;20,000 Leagues Under the Sea;tt0046672;7.2;28200000;5000000;23200000
Voyage au centre de la Terre;Journey to the Center of the Earth;tt0373051;5.8;241995151;45000000;196995151
The Wages of Fear;Sorcerer;tt0076740;7.7;9000000;12000000;-3000000
A Walk to Remember;A Walk to Remember;tt0281358;7.4;41227069;11000000;30227069
Waltz into Darkness;La sirène du Mississipi;tt0064990;7.2;26893;1600000;-1573107
War and Peace;War and Peace;tt0049934;6.8;12500000;6500000;6000000
War Horse (Michael Morpurgo);War Horse;tt1568911;7.2;177584879;66000000;111584879
The War of the Worlds;The War of the Worlds;tt0046534;7.1;4360000;2000000;2360000
Water for Elephants;Water for Elephants;tt1067583;6.9;117094902;38000000;79094902
What Dreams May Come;What Dreams May Come;tt0120889;7.0;71485043;85000000;-13514957
What's the Worst Thing That Could Happen?;What's the Worst That Could Happen?;tt0161083;5.4;32095318;45000000;-12904682
Where the Wild Things Are;Where the Wild Things Are;tt0386117;6.8;100086793;100000000;86793
White Fang;White Fang;tt0103247;6.6;34793160;14000000;20793160
Who Censored Roger Rabbit?;Who Framed Roger Rabbit;tt0096438;7.7;349200000;70000000;279200000
Winnie-the-Pooh;Winnie the Pooh;tt1449283;7.3;50145607;30000000;20145607
Winter's Bone;Winter's Bone;tt1399683;7.2;13831503;2000000;11831503
The Witches of Eastwick;The Witches of Eastwick;tt0094332;6.5;63766510;22000000;41766510
The Wolfen;Wolfen;tt0083336;6.3;10626725;17000000;-6373275
The Woman Chaser (Charles Willeford);The Woman Chaser;tt0217894;7.2;110720;1200000;-1089280
The Woman in Black (Susan Hill);The Woman in Black;tt1596365;6.4;127730736;17000000;110730736
Wonder Boys (Michael Chabon);Wonder Boys;tt0185014;7.4;19389454;35000000;-15610546
The Wonderful Wizard of Oz;The Wizard of Oz;tt0032138;8.1;22202612;2777000;19425612
The World According to Garp;The World According to Garp;tt0084917;7.2;29712172;17000000;12712172
The Year of Living Dangerously;The Year of Living Dangerously;tt0086617;7.2;10278575;13000000;-2721425
The Year of the Angry Rabbit;Night of the Lepus;tt0069005;4.0;3711923;900000;2811923
You Only Live Twice;You Only Live Twice;tt0062512;6.9;111600000;9500000;102100000
Zathura;Zathura: A Space Adventure;tt0406375;6.1;64321501;65000000;-678499
Zorba the Greek;Alexis Zorbas;tt0057831;7.8;23500000;783000;22717000
