"position","const","created","modified","description","Title","Title type","Directors","You rated","IMDb Rating","Runtime (mins)","Year","Genres","Num. Votes","Release Date (month/day/year)","URL"
"1","tt0109830","Fri Nov 20 08:24:23 2015","Fri Nov 20 08:24:23 2015","","Forrest Gump","Feature Film","Robert Zemeckis","","8.8","142","1994","drama, romance","1136805","1994-06-23","http://www.imdb.com/title/tt0109830/"
"2","tt0102926","Sat Nov 28 11:58:38 2015","Sat Nov 28 11:58:38 2015","","The Silence of the Lambs","Feature Film","Jonathan Demme","","8.6","118","1991","crime, drama, thriller","809272","1991-01-30","http://www.imdb.com/title/tt0102926/"
"3","tt0055928","Sat Nov 28 11:59:00 2015","Sat Nov 28 11:59:00 2015","","Dr. No","Feature Film","Terence Young","","7.3","110","1962","action, adventure, thriller","110540","1962-10-05","http://www.imdb.com/title/tt0055928/"
"4","tt0814255","Sat Nov 28 11:59:08 2015","Sat Nov 28 11:59:08 2015","","Percy Jackson & the Olympians: The Lightning Thief","Feature Film","Chris Columbus","","5.9","118","2010","adventure, family, fantasy","133037","2010-02-10","http://www.imdb.com/title/tt0814255/"
"5","tt0338348","Sat Nov 28 11:59:12 2015","Sat Nov 28 11:59:12 2015","","The Polar Express","Feature Film","Robert Zemeckis","","6.6","100","2004","animation, adventure, family, fantasy","111080","2004-10-21","http://www.imdb.com/title/tt0338348/"
"6","tt0070047","Sat Nov 28 11:59:18 2015","Sat Nov 28 11:59:18 2015","","The Exorcist","Feature Film","William Friedkin","","8.0","122","1973","horror","270027","1973-12-26","http://www.imdb.com/title/tt0070047/"
"7","tt0068473","Sat Nov 28 12:00:46 2015","Sat Nov 28 12:00:46 2015","","Deliverance","Feature Film","John Boorman","","7.8","110","1972","adventure, drama, thriller","74450","1972-07-30","http://www.imdb.com/title/tt0068473/"
"8","tt0074285","Sat Nov 28 12:00:56 2015","Sat Nov 28 12:00:56 2015","","Carrie","Feature Film","Brian De Palma","","7.4","98","1976","horror","118503","1976-11-03","http://www.imdb.com/title/tt0074285/"
"9","tt0989757","Sat Nov 28 12:01:05 2015","Sat Nov 28 12:01:05 2015","","Dear John","Feature Film","Lasse Hallstr√∂m","","6.3","108","2010","drama, romance, war","94520","2010-01-24","http://www.imdb.com/title/tt0989757/"
"10","tt0056592","Tue Dec  1 23:12:13 2015","Tue Dec  1 23:12:13 2015","","To Kill a Mockingbird","Feature Film","Robert Mulligan","","8.4","129","1962","drama","197332","1962-12-25","http://www.imdb.com/title/tt0056592/"
"11","tt1754656","Thu Dec  3 11:33:51 2015","Thu Dec  3 11:33:51 2015","","The Little Prince","Feature Film","Mark Osborne","","7.8","108","2015","animation, fantasy","6590","2015-05-22","http://www.imdb.com/title/tt1754656/"
