100 Rifles;100 Rifles;;
101 Reykjavik;101 Reykjavik;;
The 120 Days of Sodom;Salo;;
The 25th Hour;25th Hour;;
2010: Odyssey Two;2010;;
4.50 From Paddington;Murder, She Said;Le crime est notre affaire;;
42nd Street;42nd Street;;
48 Shades of Brown;48 Shades;;
491 Lars Gorling;491;;
50 Shades of Grey;50 Shades of Grey;;
50 Ways of Saying Fabulous;50 Ways of Saying Fabulous;;
52 Pick-Up;The Ambassador;52 Pick-Up;;
58 Minutes;Die Hard 2;;
633 Squadron;633 Squadron;;
The A.B.C. Murders;The Alphabet Murders;The A.B.C. Murders;;
About a Boy;About a Boy;;
About Schmidt;About Schmidt;;
Absolute Power;Absolute Power;;
The Accidental Tourist;The Accidental Tourist;;
Across 110th;Across 110th Street;;
Adam Resurrected;Adam Resurrected;;
Adams Fall;Abandon;;
Addie Pray;Paper Moon;;
Adiliya by the River;Green Tea;;
Adolphe;Adolphe;;
Adventure;Adventure;;
The Adventurers;The Adventurers;;
The Adventures of Captain Alatriste;Alatriste;;
The Adventures of Hajji Baba of Ispahan;The Adventures of Hajji Baba;;
Adventures of Huckleberry Finn;Huck and Tom;Huckleberry Finn;Huckleberry Finn;Huck Finn;The Adventures of Huckleberry Finn;The Adventures of Huckleberry Finn;The Adventures of Huckleberry Finn;Huckleberry Finn;Hopelessly Lost;Huckleberry Finn;The Adventures of Huckleberry Finn;Adventures of Huckleberry Finn;The Adventures of Mark Twain;Back to Hannibal: The Return of Tom Sawyer and Huckleberry Finn;The Adventures of Huck Finn;Tom and Huck;Tomato Sawyer and Huckleberry Larry's Big River Rescue;;
The Adventures of Pinocchio;The Adventures of Pinocchio;Pinocchio;Pinocchio;The Adventures of Buratino;Pinocchio in Outer Space;Pinocchio;Pinocchio;The Adventures of Buratino;Pinocchio;The Adventures of Pinocchio;Pinocchio and the Emperor of the Night;964 Pinocchio;Pinocchio;Pinocchio's Revenge;The Adventures of Pinocchio;Geppetto;A.I. Artificial Intelligence;A Tree of Palme;Pinocchio;Pinocchio 3000;Pinocchio;Pistachio - The Little Boy That Woodn't;;
The Adventures of Sherlock Holmes;Adventures of Sherlock Holmes; or, Held for Ransom;The Adventures of Sherlock Holmes;The Adventures of Sherlock Holmes;The Adventures of Sherlock Holmes and Dr. Watson;Sheerluck Holmes and the Golden Ruler;;
The Adventures of Tom Sawyer;Tom Sawyer;Tom Sawyer;Huck and Tom;Tom Sawyer;Huckleberry Finn;The Adventures of Tom Sawyer;Tom Sawyer;The Adventures of Mark Twain;Tom Sawyer;Huckleberry Finn;Tom Sawyer;Huckleberry Finn;Tom Sawyer;The Adventures of Mark Twain;Back to Hannibal: The Return of Tom Sawyer and Huckleberry Finn;Tom and Huck;Tom Sawyer;;
Advise and Consent;Advise and Consent;;
Aelita;Aelita;;
The African Queen;The African Queen;;
After Dark, My Sweet;After Dark, My Sweet;;
After Hours 1979;Carlito's Way 1993;;
After the Funeral;Murder at the Gallop;;
The Age of Innocence;The Age of Innocence;The Age of Innocence;The Age of Innocence;The Age of Innocence;;
The Agony and the Ecstasy;The Agony and the Ecstasy;;
Aimez-vous Brahms?;Goodbye Again;Jahan Tum Le Chalo;;
Air America 1985;Air America;;
Airborn;Airborn;;
Airport;Airport;Airport 1975;Airport '77;The Concorde ... Airport '79;;
Alice Adams;Alice Adams;Alice Adams;;
Allan Quatermain;Allan Quatermain and the Lost City of Gold;;
All Fall Down;All Fall Down;;
All the Brothers Were Valiant;All the Brothers Were Valiant;Across to Singapore;All the Brothers Were Valiant;;
All the King's Men;All the King's Men;All the King's Men;;
All the Pretty Horses;All the Pretty Horses;;
All the Rivers Run;All the Rivers Run;;
All the Way;Sex Drive;;
All You Need Is Kill;Edge of Tomorrow;;
Almayer's Folly;Hanyut;Almayer's Folly;;
Along Came a Spider;Along Came a Spider;;
Altered States;Altered States;;
Always Another Dawn;Always Another Dawn;;
Always Outnumbered, Always Outgunned;Always Outnumbered;;
An American Dream;An American Dream;;
American Knees;Americanese;;
American Psycho;American Psycho;American Psycho 2: All-American Girl;;
American Splendor;American Splendor;;
An American Tragedy;A Place in the Sun;;
The Americanization of Emily;The Americanization of Emily;;
Amerika;Intervista;Amerika;;
The Amityville Horror;The Amityville Horror;The Amityville Horror;;
El Amor infiel;El Amor infiel;;
Amos Judd;The Young Rajah;;
Amu Shonali Bose;Amu;;
Anatomy of a Murder;Anatomy of a Murder;;
And Now Tomorrow;And Now Tomorrow;;
And Then There Were None;And Then There Were None;Ten Little Indians;Gumnaam;Ten Little Indians;Zehn kleine Negerlein;And Then There Were None;Desyat Negrityat;Ten Little Indians;Identity;;
The Anderson Tapes;The Anderson Tapes;;
Andromeda: A Space-Age Tale;The Andromeda Nebula;;
The Andromeda Strain;The Andromeda Strain;The Andromeda Strain;;
Angel 1957 Elizabeth Taylor;Angel 2007;;
Angel Square;Angel Square;;
Angels and Demons;Angels and Demons;;
Anglo-Saxon Attitudes;Anglo-Saxon Attitudes;;
The Angry Hills;The Angry Hills;;
The Goalkeeper's Fear of the Penalty;The Goalkeeper's Fear of the Penalty;;
A Sentient Animal;The Day of the Dolphin;;
Animal Farm;Animal Farm;Animal Farm;;
Anna and the King of Siam;Anna and the King of Siam;The King and I;The King and I;Anna and the King;;
Anna Karenina;Anna Karenina;Anna Karenina;Love;Anna Karenina;Anna Karenina;Nahr al-Hob;Anna Karenina;Anna Karenina;Anna Karenina;Anna Karenina;Anna Karenina;Anna Karenina;;
Anna to the Infinite Power;Anna to the Infinite Power;;
Anne of Avonlea;Anne of Avonlea;Anne of Avonlea;;
Anne of Green Gables;Anne of Green Gables;Anne of Green Gables;Anne of Windy Poplars;Anne of Green Gables;Anne of Green Gables;Anne of Avonlea;Anne of Green Gables;Anne of Avonlea;Anne of Green Gables: The Continuing Story;Anne of Green Gables: A New Beginning;;
The Year of the Jellyfish;The Year of the Jellyfish;;
The Anointed;Adventure;;
The Antagonists;Masada;;
Anthony Adverse;Anthony Adverse;;
Antikiller;Antikiller;;
Antonieta;Antonieta;;
Apache Rising;Duel at Diablo;;
A Job for Jenny;Apartment for Peggy;;
The Apocalypse Watch;The Apocalypse Watch;;
The Apple Dumpling Gang;The Apple Dumpling Gang;The Apple Dumpling Gang Rides Again;Tales from the Apple Dumpling Gang;;
Appointment with Death;Appointment with Death;;
Appointment with Venus;Appointment with Venus;;
The Apprenticeship of Duddy Kravitz;The Apprenticeship of Duddy Kravitz;;
Armageddon 2419 A.D.;Buck Rogers;Buck Rogers in the 25th Century;;
The Army of Shadows;The Army of Shadows;;
Arouse and Beware;The Man from Dakota;;
Arrowsmith 1925;Arrowsmith 1931;;
El Asalto;El Asalto;;
Lift to the Scaffold;Elevator to the Gallows;;
Ask the Dust;Ask the Dust;;
Asking for Trouble;The Wedding Date;;
The Asphalt Jungle;The Asphalt Jungle;The Badlanders;;
The Assassination Bureau, Ltd;The Assassination Bureau;;
The Assassination of Jesse James by the Coward Robert Ford;The Assassination of Jesse James by the Coward Robert Ford;;
L'Assommoir;Gervaise;;
Assunta Spina;Assunta Spina;Assunta Spina;Assunta Spina;Assunta Spina;;
The Astronauts;First Spaceship on Venus;;
Asylum 1996;Asylum 2005;;
At Play in the Fields of the Lord;At Play in the Fields of the Lord;;
At the Earth's Core;At the Earth's Core;Journey to the Center of the Earth;;
Atlantis;Atlantis;;
Atonement;Atonement;;
Audrey Rose;Audrey Rose;;
The Auction Block;The Auction Block;The Auction Block;;
Auntie Mame;Auntie Mame;;
Avalon High;Avalon High;;
The Aviator;The Aviator 1985;;
Away All Boats;Away All Boats;;
An Awfully Big Adventure;An Awfully Big Adventure;;
The Ax 1997;Le Couperet;;
Ayat-Ayat Cinta;Ayat-Ayat Cinta;;
Baby Love;Baby Love;;
Babylon Babies;Babylon A.D.;;
Back Street;Back Street;Back Street;Back Street;;
Back When We Were Grownups;Back When We Were Grownups;;
Eric Ambler;Background to Danger;;
Bad Girl 1928;Bad Girl 1931;;
The Bad Seed;The Bad Seed;The Bad Seed;The Bad Seed;;
Baise-moi;Baise-moi;;
The Bait;The Bait;;
The Ballad of Cat Ballou;Cat Ballou;;
The Ballad of the Flim-Flam Man;The Flim-Flam Man;;
The Ballad of the Running Man ;The Running Man;;
Balzac et la petite tailleuse chinoise;Balzac and the Little Chinese Seamstress;;
Band of Angels;Band of Angels;;
Bank Shot;Bank Shot;;
Banner in the Sky;Third Man on the Mountain;;
The Barefoot Mailman;The Barefoot Mailman;;
Basil of Baker Street;The Great Mouse Detective;;
Bastard Out of Carolina;Bastard Out of Carolina;;
Battle Cry;Battle Cry;;
The Battle of the Villa Fiorita;The Battle of the Villa Fiorita;;
Battle Royale;Battle Royale;Battle Royale II: Requiem;;
Battlefield Earth;Battlefield Earth;;
Be Cool;Be Cool;;
Be Ready with Bells and Drums;A Patch of Blue;;
Be Still, My Love;The Accused;;
The Beach;The Beach;;
Beaches;Beaches;;
The Beardless Warriors;The Young Warriors;;
The Beast;The Beast;;
The Beast Master;The Beastmaster;Beastmaster 2: Through the Portal of Time;Beastmaster III: The Eye of Braxus;;
The Beast Must Die;La Bestia debe morir;The Beast Must Die;;
The Beast Within;The Beast Within;;
Beat the Devil;Beat the Devil;;
Beau Brocade;Beau Brocade;;
Beau Geste;Beau Geste;Beau Hunks;Beau Geste;Beau Geste;Follow That Camel;The Last Remake of Beau Geste;Beau Geste;;
Beautiful Creatures;Beautiful Creatures;;
Bedelia;Bedelia;;
Bee Season;Bee Season;;
Beer and Blood: The Story of a Couple o' Wrong Guys;The Public Enemy;;
Before the Fact;Suspicion;;
Behind That Curtain;Behind That Curtain;;
Being There;Being There;;
Bel Ami;Bel Ami;The Private Affairs of Bel Ami;Bel Ami;Bel Ami;;
Belle de Jour;Belle de Jour;;
Belli Moda;Belli Moda;;
Bellman and True;Bellman and True;The Real McCoy;;
Beloved;Beloved;;
Belphegor;Belphegor, Phantom of the Louvre;;
Ben-Hur: A Tale of the Christ;Ben Hur;Ben-Hur;Ben-Hur;Ben Hur;Ben Hur;;
Benjamin Blake;Son of Fury: The Story of Benjamin Blake;Treasure of the Golden Condor;;
Benzina;Gasoline;;
Beowulf;Beowulf;;
Berlin Alexanderplatz;Berlin - Alexanderplatz;Berlin Alexanderplatz;;
La bestia nel cuore;La bestia nel cuore;;
La Bete humaine;Die Bestie im Menschen;La Bete Humaine;Human Desire;La Bestia humana;Cruel Train;;
The Betsy;The Betsy;;
Beyond the Forest: The Story of a Man and Woman Destroyed by Love;Beyond the Forest;;
Beyond This Place;Beyond This Place;Beyond This Place;Kala Pani;Web of Evidence;Poola Rangadu;;
The BFG;The BFG;;
Bhowani Junction;Bhowani Junction;;
Bid Time Return;Somewhere in Time;;
The Beginning and the End;Bidaya wa Nihaya;;
The Big Bounce;The Big Bounce;The Big Bounce;;
The Big Clock;The Big Clock;No Way Out;;
Big Fish: A Novel of Mythic Proportions;Big Fish;;
The Big Fisherman;The Big Fisherman;;
The Big Heat;The Big Heat;;
Big Red;Big Red;;
The Big Sleep;The Big Sleep;The Big Sleep;The Big Lebowski;;
Big Trouble;Big Trouble;;
Biggles;Biggles: Adventures in Time;It Couldn't Happen Here;;
Billion-Dollar Brain;Billion Dollar Brain;;
Billy Bathgate;Billy Bathgate;;
Billy Liar;Billy Liar;;
Birdy;Birdy;;
The Bishop's Wife;The Bishop's Wife;;
Biruma no tategoto;Biruma no tategoto;Biruma no tatekoto;;
The Biscuit Eater;The Biscuit Eater;The Biscuit Eater;;
The Bitch;The Bitch;;
Bitter Moon;Bitter Moon;;
The Bitter Tea of General Yen;The Bitter Tea of General Yen;;
Black Alibi;The Leopard Man;;
The Black Angel;Black Angel;;
The Black Arrow: A Tale of the Two Roses;The Black Arrow;The Black Arrow;The Black Arrow;Black Arrow;Chyornaya strela;The Black Arrow;;
Black Beauty;Black Beauty;Black Beauty;Black Beauty;Courage of Black Beauty;Black Beauty;Black Beauty;Black Beauty;Black Beauty;;
The Black Camel;The Black Camel;;
The Black Curtain;Street of Chance;;
The Black Dahlia;The Black Dahlia;;
Black Narcissus;Black Narcissus;;
The Black Path of Fear;The Chase;;
The Black Rose;The Black Rose;;
The Black Stallion;The Black Stallion;The Black Stallion;The Black Stallion Returns;The Young Black Stallion;;
Black Sunday;Black Sunday;;
The Blackboard Jungle;Blackboard Jungle;;
Blackbeard's Ghost;Blackbeard's Ghost;;
The Blank Wall;The Reckless Moment;The Deep End;;
Blaze of Noon;Blaze of Noon;;
Bleak House;Bleak House;Bleak House;Bleak House;Bleak House;Bleak House;Bleak House;;
Bless the Beasts and Children;Bless the Beasts and Children;;
Bless the Child;Bless the Child;;
The Blessing;Count Your Blessings;;
Blood and Chocolate;Blood and Chocolate;;
Blood Brother;Broken Arrow;;
Blood on the Moon;Blood on the Moon;;
Blood on the Moon;Cop;;
The Blood Oranges;The Blood Oranges;;
Blood Work;Blood Work;;
Blue Fin;Blue Fin;;
The Blue Lagoon;The Blue Lagoon;The Blue Lagoon;The Blue Lagoon;;
Blueprint;Blueprint;;
The Body;The Body;;
The Body Snatchers;Invasion of the Body Snatchers;Invasion of the Body Snatchers;Body Snatchers;The Invasion;Invasion of the Pod People;;
Bombaiyer Bombete;Bombaiyer Bombete;;
The Bonfire of the Vanities;The Bonfire of the Vanities;;
Bonjour Tristesse;Bonjour Tristesse;;
Boogiepop and Others;Boogiepop and Others;;
The Book of Daniel;Daniel;;
Das Boot;Das Boot;;
The Border Jumpers;Man of the West;;
The Border Legion;The Border Legion;The Last Round-Up;;
Border Town;Bordertown;;
The Borrowers;The Borrowers;The Borrowers;The Borrower Arrietty;;
The Bostonians;The Bostonians;;
The Bourne Identity;Bourne;The Bourne Identity;
The Bourne Supremacy;The Bourne Supremacy;
The Bourne Ultimatum;The Bourne Ultimatum;
The Bourne Legacy;The Bourne Legacy;
The Boy in the Striped Pyjamas;The Boy in the Striped Pyjamas;;
Boy on a Dolphin;Boy on a Dolphin;;
The Boys from Brazil;The Boys from Brazil;;
The Bravados;The Bravados;;
The Brave Bulls;The Brave Bulls;;
The Brave Cowboy;Lonely Are the Brave;;
The Brave Little Toaster: A Bedtime Story for Small Appliances;The Brave Little Toaster;The Brave Little Toaster Goes to Mars;The Brave Little Toaster to the Rescue;;
Brave New World;Brave New World;Brave New World;Brave New World;;
Breakfast of Champions;Breakfast of Champions;;
Breakfast on Pluto;Breakfast on Pluto;;
Breakfast with Scot;Breakfast with Scot;;
Breakheart Pass;Breakheart Pass;;
Breaking Smith's Quarter Horse;Smith!;;
The Bride Wore Black;The Bride Wore Black;;
Brideshead Revisited, The Sacred and Profane Memories of Captain Charles Ryder;Brideshead Revisited;Brideshead Revisited;;
The Bridge of San Luis Rey;The Bridge of San Luis Rey;The Bridge of San Luis Rey;The Bridge of San Luis Rey;;
Bridge to Terabithia;Bridge to Terabithia;Bridge to Terabithia;;
The Bridges at Toko-Ri;The Bridges at Toko-Ri;;
The Bridges of Madison County;The Bridges of Madison County;;
Bridget Jones;Bridget Jones;Bridget Jones's Diary;Bridget Jones: The Edge of Reason;;
Bright Lights, Big City;Bright Lights, Big City;;
Brighton Rock;Brighton Rock;Brighton Rock;;
Bringing Out the Dead;Bringing Out the Dead;;
Brothers by Blood;Elling;Mors Elling;Elsk meg i morgen;;
Broken April;Behind the Sun;;
Brothers in Law;Brothers in Law;;
The Brothers Karamazov;The Brothers Karamazov;The Brothers Karamazov;;
Brown's Requiem;Brown's Requiem;;
Buddwing;Mister Buddwing;;
Buffalo Girls;Buffalo Girls;;
Buffalo Soldiers;Buffalo Soldiers;;
Bump in the Night;Bump in the Night;;
The Burglar in the Closet;Burglar;;
El burlador de Sevilla y convidado de piedra;Don Juan 1926;;
The Burning Hills;The Burning Hills;;
The Burning Shore;;
Burton and Speke;Mountains of the Moon;;
The Busy Body;The Busy Body;;
But Gentlemen Marry Brunettes;Gentlemen Marry Brunettes;;
BUtterfield 8;BUtterfield 8;;
By the Great Horn Spoon!;The Adventures of Bullwhip Griffin;;
The Caine Mutiny;The Caine Mutiny;The Caine Mutiny Court-Martial;The Caine Mutiny Court-Martial;;
Cal;Cal;;
Call for the Dead;The Deadly Affair;;
Call It Treason;Decision Before Dawn;;
The Call of the Wild;The Call of the Wild;The Call of the Wild;What a Nightmare, Charlie Brown!;The Call of the Wild;The Call of the Wild: Dog of the Yukon;Call of the Wild;Disney's The Call of the Wild;;
Candy: A Novel of Love and Addiction;Candy;;
Canterbury Tales;Canterbury Tales;;
Canyon Passage;Canyon Passage;;
Captain Blood: His Odyssey;Captain Blood;Captain Blood;Fortunes of Captain Blood;Captain Pirate;The Son of Captain Blood;Odyssey of Captain Blood;;
A Captive in the Land;A Captive in the Land;;
The Captives;The Tall T;;
Car, Boy, Girl;Herbie, the Love Bug;The Love Bug;Herbie Rides Again;Herbie Goes to Monte Carlo;Herbie Goes Bananas;The Love Bug;Herbie: Fully Loaded;;
The Card;The Card;;
Careful, He Might Hear You;Careful, He Might Hear You;;
Carlito's Way;Carlito's Way;Carlito's Way: Rise to Power;;
The Carpetbaggers;The Carpetbaggers;Nevada Smith;Nevada Smith Tv;;
The House of the Spirits;The House of the Spirits;;
A Case of Need;The Carey Treatment;;
Les carnets du Major Thompson;The French, They Are a Funny Race;;
Case File: FBI;Down Three Dark Streets;;
Cash McCall;Cash McCall;;
Casino Royale;Casino Royale;Casino Royale;;
The Castle;The Castle;The Castle;The Land Surveyor;Das Schloss;;
Car Chaser;Cat Chaser;;
The Cat That Walked by Himself;The Cat Who Walked by Herself;;
Catch-22;Catch-22;;
Catlow;Catlow;;
The Caveman's Valentine;The Caveman's Valentine;;
Les cerfs-volants;Les cerfs-volants;;
The Woman Who Was No More;Les Diaboliques;Diabolique;;
The Cement Garden;The Cement Garden;;
Centennial;Centennial;;
A Certain Mr. Takahashi;The Pianist;;
La chair du maitre;Vers le Sud;;
The Chamber;The Chamber;;
La chambre bleue;La HabitaciÃ³n azul;;
Champagne;Champagne;;
The Chancellor Manuscript;The Chancellor Manuscript;;
Changhen Ge;Everlasting Regret;;
Charlie and the Chocolate Factory;Willy Wonka and the Chocolate Factory;Charlie and the Chocolate Factory;;
Charlie Chan Carries On;Charlie Chan Carries On;Charlie Chan's Murder Cruise;;
Charlie M;Charlie Muffin;;
Charlotte Gray;Charlotte Gray;;
Charlotte's Web;Charlotte's Web;Charlotte's Web 2: Wilbur's Great Adventure;Charlotte's Web;;
Chateau Bon Vivant;Snowball Express;;
The Cheetah Girls;The Cheetah Girls;The Cheetah Girls;The Cheetah Girls 2;The Cheetah Girls: One World;;
The Children of Light;The Damned;;
The Children of Men;Children of Men;;
Children of Pleasure;The Crash;;
The Children of Sanchez;The Children of Sanchez;;
Children of the Covered Wagon;Westward Ho, the Wagons!;;
China Seas;China Seas;;
The Chinese Parrot;The Chinese Parrot;;
Chocolat;Chocolat;;
The Chocolate War;The Chocolate War;;
Christine;Christine;;
Christmas at Candleshoe;Candleshoe;;
Christmas at Twenty-Nine;Singles;;
A Christmas Gift;Kelly and Dolly: A Christmas to Remember;;
Christmas Holiday;Christmas Holiday;;
The Christmas Shoes;The Christmas Shoes;The Christmas Blessing;The Christmas Hope;;
Christopher Strong;Christopher Strong;;
The Lion, the Witch and the Wardrobe;The Chronicles of Narnia: The Lion, the Witch and the Wardrobe;The Lion, the Witch and the Wardrobe;
Prince Caspian;The Chronicles of Narnia: Prince Caspian;Prince Caspian and The Voyage of the Dawn Treader;
The Silver Chair;The Silver Chair 1990;
The Voyage of the Dawn Treader;The Chronicles of Narnia: The Voyage of the Dawn Treader;Prince Caspian and The Voyage of the Dawn Treader;
The Magician's Nephew;The Chronicles of Narnia: The Magician's Nephew;
The Chronicles of Prydain;The Black Cauldron;;
The Cider House Rules;The Cider House Rules;;
Cimarron;Cimarron;Cimarron;;
The Cincinnati Kid;The Cincinnati Kid;;
Cinderella Liberty;Cinderella Liberty;;
Cinq semaines en ballon;Flight of the Lost Balloon;Five Weeks in a Balloon;;
The Circus of Dr. Lao;7 Faces of Dr. Lao;;
Cirque Du Freak: The Saga of Darren Shan;Cirque du Freak: The Vampire's Assistant;;
The Citadel;The Citadel;;
The City of Ember;City of Ember;;
City of God;City of God;;
Clair de femme;Clair de femme;;
The Clan of the Cave Bear;The Clan of the Cave Bear;;
Ku Klux Klan Trilogy;The Birth of a Nation;The Fall of a Nation;;
Class Reunion;Class Reunion;;
Clean Break;The Killing;;
Clear and Present Danger;Clear and Present Danger;;
The Client;The Client;;
Clockers;Clockers;;
A Clockwork Orange;Vinyl;A Clockwork Orange;;
El Club Dumas;The Ninth Gate;;
Cockfighter;Cockfighter;;
Cocoon;Cocoon;Cocoon: The Return;;
The Code of the West;Code of the West;Code of the West;;
Coins in the Fountain;Three Coins in the Fountain;The Pleasure Seekers;Coins in the Fountain;;
Cold Mountain;Cold Mountain;;
The Color of Money;The Color of Money;;
The Color Purple;The Color Purple;;
The Colors of the Day;The Man Who Understood Women;;
Colossus;Colossus: The Forbin Project;;
The Comfort of Strangers;The Comfort of Strangers;;
Como agua para chocolate;Like Water for Chocolate;;
Compulsion;Compulsion;;
Comrade Jacob;Winstanley;;
Comrades;Bolshevism on Trial;;
The Constant Nymph;The Constant Nymph;The Constant Nymph;The Constant Nymph;;
Cool Hand Luke;Cool Hand Luke;;
The Count of Monte Cristo;The Count of Monte Cristo;The Count of Monte Cristo;The Count of Monte Cristo;The Count of Monte Cristo;The Son of Monte Cristo;The Return of Monte Cristo;El Conde de Monte Cristo;The Count of Monte Cristo;Mask of the Avenger;The Count of Monte Cristo;The Count of Monte Cristo;The Treasure of Monte Cristo;The Return of Monte Cristo;The Count of Monte Cristo;Padayottam;Veta;Uznik Zamka If;
The Comedians;The Comedians;;
Conagher;Conagher;;
La comtesse de Cagliostro;Arsene Lupin;;
Confessions of a Crap Artist;Confessions d'un Barjo;;
Congo;Congo;;
A Connecticut Yankee in King Arthur's Court;A Connecticut Yankee in King Arthur's Court;A Connecticut Yankee;A Connecticut Yankee;Un espanol en la corte del rey Arturo;A Connecticut Rabbit in King Arthur's Court;Unidentified Flying Oddball;Novye priklyucheniya yanki pri dvore korolya Artura;A Kid in King Arthur's Court;A Kid in Aladdin's Palace;A Young Connecticut Yankee in King Arthur's Court;A Knight in Camelot;Black Knight;;
The Constant Gardener;The Constant Gardener;;
Contact;Contact;;
Cool Hand Luke;Cool Hand Luke;;
Cops and Robbers;Cops and Robbers;;
Corazon salvaje;Corazon salvaje;Juan del Diablo;Corazon salvaje;;
Coroner Creek;Coroner Creek;;
The Cowboys;The Cowboys;;
Cracking India;Earth;;
Crash;Crash;;
Creator;Creator;;
O Crime do Padre Amaro;El crimen del Padre Amaro;O Crime do Padre Amaro;;
Crossfire Trail;Crossfire Trail;;
Crouching Tiger, Hidden Dragon;Crouching Tiger, Hidden Dragon;;
The Cruel Sea;The Cruel Sea;;
Cry Wolf;Cry Wolf;;
Cutter and Bone;Cutter's Way;;
Cyborg;The Six Million Dollar Man;;
Cycle of the Werewolf;Silver Bullet;;
The Cypher;Arabesque;;
The Da Vinci Code;The Da Vinci Code;;
William Wharton;Dad;;
Damage;Damage;;
Damnation Alley;Damnation Alley;;
The Damned Utd;The Damned United;;
The Dancer Upstairs;The Dancer Upstairs;;
Michael Blake;Dances with Wolves;;
Derek Marlowe;;
Chris Fuhrman;The Dangerous Lives of Altar Boys;;
Daniel Deronda;Daniel Deronda;Daniel Deronda;Daniel Deronda;;
Danny, the Champion of the World;Danny, the Champion of the World;;
Herminie Templeton Kavanagh;Darby O'Gill and the Little People;;
The Dark Fields;Limitless;;
The Dark Is Rising Sequence;The Seeker: The Dark is Rising;;
Wilbur Smith;Dark of the Sun;;
Dark Passage;Dark Passage;;
David Copperfield;David Copperfield;David Copperfield;David Copperfield;David Copperfield;;;David Copperfield;David Copperfield;David Copperfield;David Copperfield;David Copperfield;David Copperfield;;
The Day of the Jackal;The Day of the Jackal;August 1;The Jackal;;
The Day of the Locust;The Day of the Locust;;
The Day of the Triffids;The Day of the Triffids;The Day of the Triffids;;
Gordon Thomas;When Time Ran Out;;
;The Day They Robbed the Bank of England;;
Louis L'Amour;The Sacketts;;
Dead Calm;Dead Calm;;
;Dressed to Kill;;
The Dead Zone;The Dead Zone;;
Cornell Woolrich;Deadline at Dawn;;
Richard Jessup;The Deadly Duo;;
Deadly, Unna?;Australian Rules;;
Dealing: or the Berkeley-to-Boston Forty-Brick Lost-Bag Blues;Dealing;;
Dear John;Dear John;;
;The End of the River;;
Death on the Nile;Death on the Nile;Death on the Nile;;
Death Sentence;Death Sentence;;
Death Wish;Death Wish;;
The Deceivers;The Deceivers;;
Michael Noonan;December Boys;;
The Deep;The Deep;;
The Deep End of the Ocean;The Deep End of the Ocean;;
Deliverance;Deliverance;;
Deluge;Deluge;;
The Deluge;The Deluge;;
Demon Seed;Demon Seed;;
D'entre les morts;Vertigo;;
Derailed;Derailed;;
;Desert Fury;;
Zane Grey;Desert Gold;Desert Gold;Desert Gold;;
;Gold of the Seven Saints;;
Desert of the Heart;Desert Hearts;;
The Desperate Hours;The Desperate Hours;Desperate Hours;36 Ghante;;
Destry Rides Again;Destry Rides Again;;
The Detective;The Detective;;
Detective;Detective;;
The Devil Rides Out;The Devil Rides Out;;
The Devil Wears Prada;The Devil Wears Prada;;
The Devil's Advocate;Des Teufels Advokat;;
The Devil's Advocate;The Devil's Advocate;;
Norah Lofts;The Witches;;
The Devils;The Possessed;La femme publique;;
The Devils of Loudun;The Devils;;
Le Diable au corps;Devil in the Flesh;Devil in the Flesh;Devil in the Flesh;;
Wilbur Smith;The Kingfisher Caper;;
Diamonds Are Forever;Diamonds Are Forever;;
;The Glory Guys;;
E. M. Nathanson;The Dirty Dozen;;
Dirty Weekend;Dirty Weekend;;
Terry McMillan;Disappearing Acts;;
Disclosure;Disclosure;;
;Scream and Scream Again;;
Alberto Moravia;Contempt;;
Paul Horgan;A Distant Trumpet;;
Divine Secrets of the Ya-Ya Sisterhood;Divine Secrets of the Ya-Ya Sisterhood;;
Diane Johnson;Le Divorce;;
Do Androids Dream of Electric Sheep?;Blade Runner;;
Richard Gordon;Doctor in the House;;
Doctor Slaughter;Half Moon Street;;
Doctor Zhivago;Doctor Zhivago;Doctor Zhivago;;
Dodsworth;Dodsworth;;
The Dogs of War;The Dogs of War;;
Dog Soldiers;Who'll Stop the Rain;;
Don Quixote;Adventures of the Ingenious Hidalgo Don Quixote;Don Quijote;Don Quichotte;Don Quixote;Don Quixote;Don Quixote;Don Quixote (1933 film);Don Quichotte;Don Quichotte;Don Quixote;Don Quixote de la Mancha;Don Quixote;Don Quixote;Don Quixote's Children;Don Chisciotte e Sancho Panza;Man of La Mancha;The Adventures of Don Quixote;The Amorous Adventures of Don Quixote and Sancho Panza;Don Chisciotte;Don Quixote of La Mancha;Don Quijote de Orson Welles;Don Quixote;Don Quixote, Knight Errant;Don Quixote;The Man Who Killed Don Quixote;;
Donovan's Brain;The Lady and the Monster;Donovan's Brain;The Brain;;
Richard Peck;Gas Food Lodging;;
Don't Say a Word;Don't Say a Word;;
Chet Raymo;Frankie Starlight;;
Double Indemnity;Double Indemnity;;
Roy Huggins;I Love Trouble;;
;Down Will Come Baby;;
Dracula;see the ;;
Gordon R. Dickson;The Flight of Dragons;;
Dragon Seed;Dragon Seed;;
Dragons of Autumn Twilight;Dragonlance: Dragons of Autumn Twilight;;
Dream Days;The Reluctant Dragon;;
The Dream Master;Dreamscape;;
Dreamcatcher;Dreamcatcher;;
Zane Grey;Drift Fence;;
Dr. No;Dr. No;;
Drood;Drood;;
The Drowning Pool;The Drowning Pool;;
Drums Along the Mohawk;Drums Along the Mohawk;;
The Drums of Jeopardy;The Drums of Jeopardy;The Drums of Jeopardy;;
Zane Grey;The Dude Ranger;;
Niven Busch;Duel in the Sun;;
Dune;Dune;Frank Herbert's Dune;Frank Herbert's Children of Dune;Dune;;
The Dying Animal;Elegy;;
Marti Leimbach;Dying Young;;
Fiction work(s);;
The Eagle Has Landed;The Eagle Has Landed;;
The Eagle of the Ninth;The Eagle;;
East of Eden;East of Eden;;
Eaters of the Dead;The 13th Warrior;;
P. F. Kluge;Eddie and the Cruisers;;
The Egyptian;The Egyptian;;
Wilbur Smith;The Seventh Scroll;;
Election;Election;;
Digby George Gerahty;Elephant Walk;;
Christopher Frank;Elles n'oublient jamais;;
Fred Mustard Stewart;Ellis Island;;
Elmer Gantry;Elmer Gantry;;
Ingvar AmbjÃ¸rnsen;Elsk meg i morgen;;
Emma;Emma;Clueless;Emma;Emma;Emma;Aisha;;
Emil and the Detectives;Emil and the Detectives;Emil and the Detectives;Emil and the Detectives;Emil and the Detectives;Emil and the Detectives;;
Matt Cohen;Emotional Arithmetic;;
Empire of the Sun;Empire of the Sun;;
The Enchanted April;Enchanted April;Enchanted April;;
Robert Nathan;Wake Up and Dream;;
The End of the Affair;The End of the Affair;The End of the Affair;;
Scott Spencer;Endless Love;;
Enduring Love;Enduring Love;;
Vicente Blasco IbÃ¡Ã±ez;Enemies of Women;;
D. A. Rayner;The Enemy Below;;
Enemy Mine;Enemy Mine;;
The English Patient;The English Patient;;
Enigma;Enigma;;
;The Entity;;
Eragon;Eragon;;
Grace Zaring Stone;Escape;;
Escape to Witch Mountain;Escape to Witch Mountain;Return from Witch Mountain;Beyond Witch Mountain;Escape to Witch Mountain;Race to Witch Mountain;;
L'Ã©toile du nord;L'Etoile du nord;;
Larry McMurtry;The Evening Star;;
Everybody's All-American;Everybody's All-American;;
Everything Is Illuminated;Everything Is Illuminated;;
Whit Masterson;The Yellow Canary;;
Evil Under the Sun;Evil Under the Sun;Evil Under the Sun;;
The Executioners;Cape Fear;Cape Fear;;
Cameron Hawley;Executive Suite;;
Exit to Eden;Exit To Eden;;
;Exit Wounds;;
Exodus;Exodus;;
The Exorcist;The Exorcist;Exorcist II: The Heretic;The Exorcist III;Exorcist: The Beginning;Dominion: Prequel to the Exorcist;;
;Experiment Perilous;;
Extension du domaine de la lutte;Extension du domaine de la lutte;;
Extremely Loud and Incredibly Close;Extremely Loud and Incredibly Close;;
Marc Behm;Deadly Circuit;Eye of the Beholder;;
Eye of the Needle;Eye of the Needle;Fanaa;;
Fiction work(s);;
Fahrenheit 451;Fahrenheit 451;Fahrenheit 451;;
Fail-Safe;Fail-Safe;Fail-Safe;;
The Fair Bride;The Angel Wore Red;;
The Fall of a Nation;The Fall of a Nation;;
Falling Angel;Angel Heart;;
Dorothy Uhnak;1989 False Witness (TV movie);;
;The One and Only, Genuine, Original Family Band;;
Vincent Patrick;Family Business;;
The Fan;The Fan;;
Bob Randall;The Fan;;
Fantastic Mr Fox;Fantastic Mr. Fox;;
Far from the Madding Crowd;Far from the Madding Crowd;Far from the Madding Crowd;Far from the Madding Crowd;Far from the Madding Crowd;;
Lilian Lee;Farewell My Concubine;;
A Farewell to Arms;A Farewell to Arms;A Farewell to Arms;In Love and War;;
Pierre Schoendoerffer;Farewell to the King;;
Fate Is the Hunter;Face Is the Hunter;;
Father Malachy's Miracle;Das Wunder des Malachias;;
Father of Frankenstein;Gods and Monsters;;
Father of the Bride;Father of the Bride;Father's Little Dividend;Father of the Bride;Father of the Bride Part II;;
;Taps;;
Fear and Loathing in Las Vegas;Fear and Loathing in Las Vegas;;
The Feather Men;Killer Elite;;
The Fellowship of the Ring;J. R. R. Tolkien's The Lord of the Rings;The Lord of the Rings: The Fellowship of the Ring;;
La Femme et le pantin;La Femme et le Pantin;The Devil Is a Woman;La Femme et le Pantin;That Obscure Object of Desire;;
Femmes de personnes;Femmes de personne;;
Le Feu Follet;The Fire Within;Oslo, August 31st;;
Fever Pitch;Fever Pitch;Fever Pitch;;
Ernest K. Gann;The Raging Tide;;
Fight Club;Fight Club;;
Zane Grey;Fighting Caravans;Wagon Wheels;;
The Final Programme;The Final Programme;;
Fire on the Mountain;Fire on the Mountain;;
Firefox;Firefox;;
Firestarter;Firestarter;Firestarter 2: Rekindled;;
The Firm;The Firm;;
First Blood;Rambo;First Blood;Rambo: First Blood Part II;Rambo III;Rambo;;
First Love, Last Rites;Schmetterlinge;First Love, Last Rites;Solid Geometry;Butterflies;;
The First Men in the Moon;A Trip to the Moon;The First Men in the Moon;First Men in the Moon;The First Men in the Moon;The First Men in the Moon 3D;;
Olivia Goldsmith;The First Wives Club;;
The Five People You Meet in Heaven;The Five People You Meet in Heaven;;
The Fixer;The Fixer;;
Flaming Youth;Flaming Youth;;
;Flashpoint;;
Fletch;Fletch;Fletch Lives;;
Fletch Won;Fletch Won;;
Flight of the Intruder;Flight of the Intruder;;
The Flight of the Phoenix;The Flight of the Phoenix;Flight of the Phoenix;;
Flowers in the Attic;Flowers in the Attic;;
Rex Beach;Flowing Gold;;
Focus;Focus;;
The Food of the Gods and How It Came to Earth;Village of the Giants;The Food of the Gods;Food of the Gods II;;
Margaret Kennedy;Escape Me Never;Escape Me Never;;
Dolores Hitchens;Bande Ã  part;;
For Love of the Game;For Love of the Game;;
For Whom the Bell Tolls;For Whom the Bell Tolls;For Whom the Bell Tolls;For Whom the Bell Tolls;;
The Forbidden Territory;Forbidden Territory;;
Force 10 From Navarone;Force 10 from Navarone;;
Forever Amber;Forever Amber;;
The Forever War;The Forever War;;
Forlorn River;Forlorn River;;
Steve Shagan;The Formula;;
Forrest Gump;Forrest Gump;;
The Forsyte Saga;That Forsyte Woman;The Forsyte Saga;;
The Fountainhead;The Fountainhead;;
The Four Feathers;Four Feathers;The Four Feathers;The Four Feathers;The Four Feathers;Storm Over the Nile;The Four Feathers;The Four Feathers;;
The Fourth Protocol;The Fourth Protocol;;
The Fox and the Hound;The Fox and the Hound;The Fox and the Hound 2;;
Curt Siodmak;F.P.1 antwortet nicht;F.P.1 Doesn't Respond;F.P.1 ne repond pas;;
Frank Merriwell;The Adventures of Frank Merriwell;;
Frankenstein;Frankenstein;Life Without Soul;Universal;Frankenstein;Bride of Frankenstein;Son of Frankenstein;The Ghost of Frankenstein;Frankenstein Meets the Wolf Man;House of Frankenstein;House of Dracula;Abbott and Costello Meet Frankenstein;Hammer;The Curse of Frankenstein;The Revenge of Frankenstein;The Evil of Frankenstein;Frankenstein Created Woman;Frankenstein Must Be Destroyed;The Horror of Frankenstein;Frankenstein and the Monster from Hell;Frankenstein 1970;Toho;Frankenstein Conquers the World;The War of the Gargantuas;Dracula vs. Frankenstein;Andy Warhol's Frankenstein;Frankenstein: The True Story;Blackenstein;Young Frankenstein;The Bride;Frankenstein Unbound;Frankenstein;Monster Mash;House of Frankenstein 1997;Van Helsing;Frankenstein;Frankenstein;Frankenstein;;
Die Frau im Mond;Frau im Mond;;
Freaky Friday;Freaky Friday;A Billion for Boris;Summer Switch;Freaky Friday;Freaky Friday;Freaky Monday;;
Freedomland;Freedomland;;
The French Lieutenant's Woman;The French Lieutenant's Woman;;
Fried Green Tomatoes at the Whistle Stop Cafe;Fried Green Tomatoes;;
Friend;Deadly Friend;;
The Friendly Persuasion;Friendly Persuasion;Friendly Persuasion;;
From Here to Eternity;From Here to Eternity;;
From Russia, with Love;From Russia with Love;;
From the Earth to the Moon;A Trip to the Moon;From the Earth to the Moon;The Fabulous Baron Munchausen;Jules Verne's Rocket to the Moon;From the Earth to the Moon;;
John O'Hara;From the Terrace;;
Funeral in Berlin;Funeral in Berlin;;
Funny Farm;Funny Farm;;
Niven Busch;The Furies;;
The Fury;The Fury;;
;The Fuzzy Pink Nightgown;;
Fiction work(s);;
Keigo Higashino;G@me;;
Robert Sheckley;Condorman;;
Robert Smythe Hichens;The Garden of Allah;The Garden of Allah;The Garden of Allah;;
The Garden of God;Return to the Blue Lagoon;;
;Gardens of Stone;;
Stephen Longstreet;The Gay Sisters;;
MacKinlay Kantor;Gentle Annie;;
Gentlemen Prefer Blondes;Gentlemen Prefer Blondes;Gentlemen Prefer Blondes;;
David Walker;Geordie;;
Margaret Forster;Georgy Girl;;
Get Shorty;Get Shorty;;
The Getaway;The Getaway;The Getaway;;
The Ghost;The Ghost Writer;;
;The Ghost and Mrs. Muir;;
Edna Ferber;Giant;;
Frederick Kohner;Gidget;;
Gigi;Gigi;Gigi;;
John Grisham;The Gingerbread Man;;
;The Girl from Petrovka;;
The Girl Who Leapt Through Time;The Girl Who Leapt Through Time;The Girl Who Leapt Through Time;Morning Musume: Shinshun! Love Stories;The Girl Who Leapt Through Time;Time Traveller: The Girl Who Leapt Through Time;;
Girl with a Pearl Earring;Girl with a Pearl Earring;;
The Girls' Guide to Hunting and Fishing;Suburban Girl;The Girls' Guide to Hunting and Fishing;;
The Glass Inferno;The Towering Inferno;;
Glitz;Glitz;;
MacKinlay Kantor;The Best Years of Our Lives;;
Gnomes;Gnomes;;
Upton Sinclair;The Gnome-Mobile;;
The Go-Between;The Go-Between;;
MacKinlay Kantor;Follow Me, Boys!;;
The Godfather;The Godfather;The Godfather Part II;The Godfather Part III;;
Gods and Generals;Gettysburg;Gods and Generals;;
;They Came from Beyond Space;;
God's Little Acre;God's Little Acre;;
Elmore Leonard;;
Wilbur Smith;Gold;;
The Golden Bowl;The Golden Bowl;The Golden Bowl;;
Will Stanton;Charley and the Angel;;
Aleksey Nikolayevich Tolstoy;The Adventures of Buratino;The Adventures of Buratino;;
Goldfinger;Goldfinger;;
Gone with the Wind;Gone with the Wind;;
The Good Earth;The Good Earth;;
Joseph Kanon;The Good German;;
Peter Mayle;A Good Year;;
Goodbye Piccadilly, Farewell Leicester Square;Frenzy;;
Goodbye, Mr. Chips;Goodbye, Mr. Chips;Goodbye, Mr. Chips;Goodbye, Mr. Chips;Goodbye, Mr. Chips;;
Gorky Park;Gorky Park;;
Grand Canary;Grand Canary;;
The Grapes of Wrath;The Grapes of Wrath;;
Frank O'Rourke;The Great Bank Robbery;;
The Great Dinosaur Robbery;One of Our Dinosaurs Is Missing;;
Great Expectations;Great Expectations;Great Expectations;Great Expectations;Great Expectations;Great Expectations;Great Expectations;Great Expectations;Great Expectations;Great Expectations;Great Expectations;Great Expectations;Great Expectations;;
The Great Gatsby;The Great Gatsby;The Great Gatsby;The Great Gatsby;The Great Gatsby;G;The Great Gatsby;The Great Gatsby;;
Al Morgan;The Great Man;;
The Great Santini;The Great Santini;;
The Great Train Robbery;The First Great Train Robbery;;
William "Buffalo Bill" Cody;The Indians are Coming;Rustlers of Red Dog;;
Green for Danger;Green for Danger;;
Green Mansions;Green Mansions;;
The Green Mile;The Green Mile;;
The Green Years;The Green Years;;
Rumer Godden;The Greengage Summer;;
Grendel;Grendel Grendel Grendel;;
The Grifters;The Grifters;;
The Grizzly King;L'Ours;;
;Gros cÃ¢lin;;
The Grotesque;The Grotesque;;
The Group;The Group;;
;Gruesome School Trip;;
La Guerre des boutons;War of the Buttons;War of the Buttons;;
Romain Gary;Les faussaires;;
Gulliver's Travels;Le Voyage de Gulliver Ã  Lilliput et chez les gÃ©ants;The New Gulliver;Gulliver's Travels;The Three Worlds of Gulliver;Gulliver's Travels Beyond the Moon;Gulliver's Travels;Gulliver's Travels;Gulliver's Travels;;
The Guns of Navarone;The Guns of Navarone;;
Louis L'Amour;Guns of the Timberland;;
James William Drought;The Gypsy Moths;;
Fiction work(s);;
John P. Marquand;H.M. Pulham, Esq.;;
Rifat Ilgaz;Hababam SÄ±nÄ±fÄ±;;
Robert Stone;WUSA;;
The Hamlet;The Long, Hot Summer;;
Alan Marshall;Hammers Over the Anvil;;
The Handmaid's Tale;The Handmaid's Tale;;
Hannibal;Hannibal;;
MacKinlay Kantor;Happy Land;;
Yusuf Idris;Al Haram;;
Budd Schulberg;The Harder They Fall;;
Harry Black;Harry Black;;
Harry Potter;Harry Potter;Harry Potter and the Philosopher's Stone;Harry Potter and the Chamber of Secrets;Harry Potter and the Prisoner of Azkaban;Harry Potter and the Goblet of Fire;Harry Potter and the Order of the Phoenix;Harry Potter and the Half-Blood Prince;Harry Potter and the Deathly Hallows â€“ Part 1;Harry Potter and the Deathly Hallows â€“ Part 2;;
Hart's War;Hart's War;;
;The Return of Vasili Bortnikov;;
The Harvey Girls;The Harvey Girls;;
Hating Alison Ashley;Hating Alison Ashley;;
Hatter's Castle;Hatter's Castle;;
Ewart Adamson;Haunted Harbor;;
The Haunting of Hill House;The Haunting;The Haunting;;
Hawaii;Hawaii;The Hawaiians;;
;Hawk of the Wilderness;;
;He Ran All the Way;;
Edward Lee;Header;;
Jules Bass;Monte Carlo;;
The Heart of the Matter;The Heart of the Matter;The Heart of the Matter;;
The Heaven Sword and Dragon Saber;Story of the Sword and the Sabre;Heaven Sword and Dragon Sabre;The Hidden Power of the Dragon Sabre;Kung Fu Cult Master;;
Heidi;Heidi;Heidi;Heidi and Peter;Heidi;Heidi;The Story of Heidi;Heidi's Song;Heidi;Heidi;Heidi;Nelvana;Heidi;Paul Marcus;Heidi 4 Paws;;
Hell House;The Legend of Hell House;;
The Hellbound Heart;Hellraiser;;
Louis L'Amour;Heller in Pink Tights;;
The Help;The Help;;
Zane Grey;Heritage of the Desert;Heritage of the Desert;Heritage of the Desert;;
The High and the Mighty;The High and the Mighty;;
High Fidelity;High Fidelity;;
The History of Mr. Polly;The History of Mr. Polly;;
The History of Tom Jones, a Foundling;Tom Jones;Tom Jones;The Bawdy Adventures of Tom Jones;Tom Jones;The History of Tom Jones, a Foundling;;
A History of Violence;A History of Violence;;
The Hitchhiker's Guide to the Galaxy;The Hitchhiker's Guide to the Galaxy;;
The Hobbit;The Hobbit;The Hobbit;The Hobbit: An Unexpected Journey;The Hobbit: The Desolation of Smaug;The Hobbit: The Battle of the Five Armies;;
The Holcroft Covenant;The Holcroft Covenant;;
The Holy Innocents;The Dreamers;;
Hombre;Hombre;;
The Home and the World;Ghare Baire;;
The Honorary Consul;The Honorary Consul;;
Clarence E. Mulford;Hopalong Cassidy;;
Horrid Henry;Horrid Henry: The Movie;;
Horseman, Pass By;Hud;;
The Host;The Host;;
Donald E. Westlake;The Hot Rock;;
The Hound of the Baskervilles;The Hound of the Baskervilles;The Hound of the Baskervilles;The Hound of the Baskervilles;The Hound of the Baskervilles;The Hound of the Baskervilles;Bees Saal Baad;The Hound of the Baskervilles;The Hound of the Baskervilles;The Hound of the Baskervilles;The Hound of the Baskervilles;;
Felix Salten;The Shaggy Dog;The Shaggy D.A.;The Return of the Shaggy Dog;The Shaggy Dog;The Shaggy Dog;;
W. Somerset Maugham;The Hour Before the Dawn;;
The Hours;The Hours;;
How Green Was My Valley;How Green Was My Valley;;
Howards End;Howards End;;
The Howling;The Howling;Howling II: Stirba - Werewolf Bitch;Howling III;Howling IV: The Original Nightmare;Howling V: The Rebirth;Howling VI: The Freaks;Howling: New Moon Rising;;
The Human Stain;The Human Stain;;
The Hunchback of Notre-Dame;Esmeralda;The Hunchback of Notre Dame;The Darling of Paris;Esmeralda;The Hunchback of Notre Dame;The Hunchback of Notre Dame;The Hunchback of Notre Dame;The Hunchback of Notre Dame;Kubra Aashiq;The Hunchback of Notre Dame;The Hunchback of Notre Dame;The Hunchback of Notre Dame;The Hunchback of Notre Dame;The Hunchback of Notre Dame II;The Hunchback;Quasimodo d'El Paris;;
The Hundred and One Dalmatians;One Hundred and One Dalmatians;101 Dalmatians II: Patch's London Adventure;101 Dalmatians;102 Dalmatians;;
The Hunger Games Trilogy;The Hunger Games Trilogy;The Hunger Games;Catching Fire;Mockingjay;Mockingjay;;
The Hunt for Red October;The Hunt for Red October;;
The Hunter;Point Blank;Payback;Full Contact;;
The Hustler;The Hustler;;
Fiction work(s);;
I Am Legend;The Last Man on Earth;The Omega Man;I Am Legend;I Am Î©mega;;
I Am Number Four;I Am Number Four;;
I Know What You Did Last Summer;I Know What You Did Last Summer;I Still Know What You Did Last Summer;I'll Always Know What You Did Last Summer;;
I Love You, Beth Cooper;I Love You, Beth Cooper;;
Ice Station Zebra;Ice Station Zebra;;
;The Lady from Shanghai;;
The IPCRESS File;The Ipcress File;;
The Illustrated Man;The Illustrated Man;;
Im Westen Nichts Neues;All Quiet on the Western Front;The Road Back;All Quiet on the Western Front;;
Imagining Argentina;Imagining Argentina;;
Immortality, Inc.;Freejack;;
;Cynara;;
Bobbie Ann Mason;In Country;;
The Incredible Journey;The Incredible Journey;Homeward Bound: The Incredible Journey;Homeward Bound II: Lost in San Francisco;;
Ray Russell;The Incubus;;
Dorothy M. Johnson;A Man Called Horse;The Return of a Man Called Horse;Triumphs of a Man Called Horse;;
The Innocent;The Innocent;;
In Search of the Castaways;;In Search of the Castaways;V poiskakh kapitana Granta;;
;My Reputation;;
Interview with the Vampire;Interview with the Vampire: The Vampire Chronicles;;
Dorothy Uhnak;Kojak: The Price of Justice;;
The Invisible Man;The Invisible Man;The Invisible Man Returns;The Invisible Woman;Invisible Agent;The Invisible Man's Revenge;Abbott and Costello Meet the Invisible Man;;
In the Heat of the Night;In the Heat of the Night;They Call Me MISTER Tibbs!;The Organization;;
Rumer Godden;In This House of Brede;;
The Iron Man;The Iron Giant;;
Rex Beach;The Iron Trail;;
The Island;The Island;;
Ernest K. Gann;Island in the Sky;;
The Island of Doctor Moreau;Island of Lost Souls;Terror Is a Man;The Island of Doctor Agor;The Island of Dr. Moreau;The Island of Dr. Moreau;;
Islands in the Stream;Islands in the Stream;;
It;It;It;;
It Can't Happen Here;Shadow of the Land;;
Ivanhoe;Ivanhoe;Ivanhoe;Ivanhoe;Ivanhoe;The Ballad of the Valiant Knight Ivanhoe;Ivanhoe;Ivanhoe;The Legend of Ivanhoe;Darkest Knight;;
Fiction work(s);;
William Kotzwinkle;Book of Love;;
Jack's Return Home;Get Carter;Hit Man;Get Carter;;
James and the Giant Peach;James and the Giant Peach;;
Jane Eyre;Jane Eyre;The Castle of Thornfield;Woman and Wife;Jane Eyre;Orphan of Lowood;Jane Eyre;I Walked with a Zombie;Jane Eyre;Sangdil;The Orphan Girl;El Secreto;Jane Eyre;Shanti Nilayam;Ardiente Secreto;Jane Eyre;Jane Eyre;;
Norah Lofts;Jassy;;
Jaws;Jaws;Jaws;Jaws 2;Jaws 3-D;Jaws: The Revenge;;
Jean Giono;La femme du boulanger;;
The Jewel of Seven Stars;The Curse of the Mummy;Blood from the Mummy's Tomb;The Awakening;Bram Stoker's Legend of the Mummy;;
;Pocket Money;;
Donald E. Westlake;Jimmy the Kid;;
Howard Swindle;D-Tox;;
Johnny Tremain;Johnny Tremain;;
Christopher Frank;Josepha;;
Georges Bernanos;Diary of a Country Priest;;
Robert Lewis Taylor;Treasure of Matecumbe;;
Henry Wilson Allen;;
Journey to the West;Havoc in Heaven;Shaw Brothers Studio;Monkey Goes West;Princess Iron Fan;The Cave of the Silken Web;The Land of Many Perfumes;A Chinese Odyssey;Heavenly Legend;A Chinese Tall Story;The Fire Ball;The Adventures of Super Monkey;The Forbidden Kingdom;The Monkey King;Journey to the West;;
The Joy Luck Club;The Joy Luck Club;;
Jude the Obscure;Jude the Obscure;Jude;;
A Judgement in Stone;La CÃ©rÃ©monie;;
Donald E. Westlake;Made in U.S.A.;;
Jumanji;Jumanji;;
The Jungle Book;Elephant Boy;Jungle Book;The Jungle Book;The Jungle Book 2;Adventures of Mowgli;The Jungle Book;The Second Jungle Book: Mowgli &amp; Baloo;Jungle Book: Mowgli's Story;Mowgli: The New Adventures of the Jungle Book;;
Jupiter Laughs;Shining Victory;Ich suche Dich;;
Jurassic Park;Jurassic Park;Jurassic Park;The Lost World: Jurassic Park;Jurassic Park III;;
The Jungle;The Jungle;;
Justine;Justine;;
Shunro Oshikawa;Atragon;Super Atragon;;
Mitsuyo Kakuta;Pale Moon;;
;Fighting Elegy;;
The Keys of the Kingdom;The Keys of the Kingdom;;
Chart Korbjitti;Ai-Fak;;
Kidnapped;Kidnapped;Kidnapped;Kidnapped;Kidnapped;;
The King's Damosel;Quest for Camelot;;
King Solomon's Mines;Allan Quatermain;King Solomon's Mines;King Solomon's Mines;Watusi;King Solomon's Treasure;King Solomon's Mines;Allan Quatermain and the Lost City of Gold;King Solomon's Mines;The League of Extraordinary Gentlemen;King Solomon's Mines;Allan Quatermain and the Temple of Skulls;;
Evan Hunter;High and Low;;
Joe David Brown;Kings Go Forth;;
Henry Bellamann;Kings Row;;
The Killer Angels;Gettysburg;;
The Killer Inside Me;The Killer Inside Me;The Killer Inside Me;;
Kipps;Kipps;Kipps;Kipps;Half a Sixpence;;
;The Kirishima Thing;;
Kiss of the Spider Woman;Kiss of the Spider Woman;;
Kiss the Girls;Kiss the Girls;;
Horace McCoy;Kiss Tomorrow Goodbye;;
William Bradford Huie;The Klansman;;
;Kolchak: The Night Stalker;The Night Stalker;The Night Strangler;Crackle of Death;The Demon and the Mummy;;
Kowloon Tong;Chinese Box;;
Kuroi Ame;Black Rain;;
Fiction work(s);;
L.A. Confidential;L.A. Confidential;;
Lad, A Dog;Lad, A Dog;;
Lady Audley's Secret;Lady Audley's Secret;Lady Audley's Secret;Lady Audley's Secret;Lady Audley's Secret;;
Lady L;Lady L;;
The Lady of the Camellias;Camille;Camille;Camille;Camille;Camille;Camille;Camille;Camille 2000;Camille;;
The Lair of the White Worm;The Lair of the White Worm;;
;CordÃ©lia;;
The Land That Time Forgot;The Caspak Trilogy;The Land That Time Forgot;The People That Time Forgot;The Land That Time Forgot;;
Lassie Come-Home;Lassie;Lassie Come Home;Son of Lassie;Courage of Lassie;Hills of Home;The Sun Comes Up;Challenge to Lassie;The Painted Hills;Lassie's Great Adventure;The Magic of Lassie;Lassie;Lassie;;
The Last Days of Pompeii;The Last Days of Pompeii;The Last Days of Pompeii;The Last Days of Pompeii;The Last Days of Pompeii;The Last Days of Pompeii;The Last Days of Pompeii;The Last Days of Pompeii;;
Darryl Ponicsan;The Last Detail;;
The Last Hunt;The Last Hunt;;
The Last of the Duanes;The Last of the Duanes;The Last of the Duanes;The Last of the Duanes;El Ãºltimo de los Vargas;Last of the Duanes;;
The Last of the Mohicans;The Last of the Mohicans;The Last of the Mohicans;Der Letzte der Mohikaner;The Last of the Mohicans;The Last of the Mohicans;The Last of the Mohicans;The Last of the Mohicans;The Last of the Mohicans;;
Larry McMurtry;The Last Picture Show;;
The Last Ride;The Missing;;
The Last Song;The Last Song;;
Louis L'Amour;Apache Territory;;
Elmore Leonard;Last Stand at Saber River;;
The Last Unicorn;The Last Unicorn;;
The Late George Apley;The Late George Apley;;
Lincoln Kirstein;Glory;;
Layer Cake;Layer Cake;;
Laura;Laura;Laura;Laura;;
Dorothy Uhnako;Law and Order;;
Elmore Leonard;;
Lauran Paine;;
;Lawyer Man;;
Larry McMurtry;Lovin' Molly;;
Dorothy Uhnak;Get Christie Love!;;
Left Behind;Left Behind;Left Behind: The Movie;Left Behind II: Tribulation Force;Left Behind: World at War;;
Legion;The Exorcist III;;
Lemonade Mouth;Lemonade Mouth;Lemonade Mouth 2;;
The Leopard;The Leopard;;
Less Than Zero;Less Than Zero;;
Let the Right One In;Let the Right One In;Let Me In;;
;A Letter to Three Wives;;
Peter De Vries;How Do I Love Thee?;;
Les Liaisons dangereuses;Les liaisons dangereuses;Les Liaisons dangereuses;Dangerous Liaisons;Valmont;Cruel Intentions;Untold Scandal;Les Liaisons dangereuses;Michael Lucas' Dangerous Liaisons;;
The Life Before Us;Madame Rosa;The Life Before Us;;
Life of Pi;Life of Pi (film);;
The Lincoln Lawyer;The Lincoln Lawyer;;
Adria Locke Langley;A Lion Is in the Streets;;
Little Dorrit;Little Dorrit;Little Dorrit;Klein Dorrit;Little Dorrit;Little Dorrit;;
;The Hand;;
Rolf Hochhuth;Eine Liebe in Deutschland;;
The Life and Opinions of Tristram Shandy, Gentleman;A Cock and Bull Story;;
The Light in the Forest;The Light in the Forest;;
Zane Grey;The Light of the Western Stars;The Light of Western Stars;The Light of Western Stars;The Light of Western Stars;;
Gerald N. Lund;The Work and the Glory: American Zion;;
W. R. Burnett;Little Caesar;Black Caesar;Hell Up in Harlem;;
The Little Drummer Girl;The Little Drummer Girl;;
The Little White Horse;The Secret of Moonacre;;
Live and Let Die;Live and Let Die;;
Live Flesh;Carne trÃ©mula;;
Christos Tsiolkas;Head On;;
Ernest Thompson Seton;The Legend of Lobo;;
Logan's Run;Logan's Run;Logan's Run;;
Lolita;Lolita;Lolita;;
The Lone Star Ranger;The Lone Star Ranger;The Lone Star Ranger;The Lone Star Ranger;Lone Star Ranger;;
The Long Goodbye;The Long Goodbye;;
John H. Reese;Charley Varrick;;
Lord Jim;Lord Jim;Lord Jim;;
Lord of the Flies;Lord of the Flies;Alkitrang dugo;Lord of the Flies;;
The Lord of the Rings;J. R. R. Tolkien's The Lord of the Rings;The Lord of the Rings: The Motion Picture Trilogy;The Lord of the Rings: The Fellowship of the Ring;The Lord of the Rings: The Two Towers;The Lord of the Rings: The Return of the King;;
The Lords of Discipline;The Lords of Discipline;;
Lost Horizon;Lost Horizon;Lost Horizon;;
Donald G. Payne;The Island at the Top of the World;;
The Lost Symbol;The Lost Symbol;;
The Lost World;The Lost World;The Lost World;The Lost World;Return to the Lost World;The Lost World;Sir Arthur Conan Doyle's The Lost World;The Lost World;King of the Lost World;;
The Lost World;The Lost World: Jurassic Park;;
Lottie and Lisa;Das doppelte Lottchen;The Lullaby of Hibari;Twice Upon a Time;The Parent Trap;The Parent Trap II;The Parent Trap III;The Parent Trap: Hawaiian Honeymoon;Kuzanthaiyum Deivamum;Letha Manasulu;Do Kaliyan;Animation Tomboy Angels;Pyaar ke do Pal;I and Myself: The Two Lottes;Charlie &amp; Louise - Das doppelte Lottchen;khaharan-e- gharib;The Parent Trap;Kuch Khatti Kuch Meethi;Tur &amp; Retur;;
The Loved One;The Loved One;;
Love Story;Love Story;Oliver's Story;;
The Lovely Bones;The Lovely Bones;;
The Luck of Barry Lyndon;Barry Lyndon;;
The Lucky One;The Lucky One;;
El Lugar sin lÃ­mites;El lugar sin lÃ­mites;;
Pascal Bruckner;Bitter Moon;;
;The Lusty Men;;
Fiction work(s);;
Henry Wilson Allen;Mackenna's Gold;;
Madame Doubtfire;Mrs. Doubtfire;;
Andrew Neiderman;The Maddening;;
Mary Norton;Bedknobs and Broomsticks;;
The Magician;The Magician;;
Magnificent Obsession;Magnificent Obsession;Magnificent Obsession;;
Martin Eden;The Adventures of Martin Eden;;
MaÃ®tre du monde;Master of the World;Master of the World;;
Make Room! Make Room!;Soylent Green;;
The Maltese Falcon;The Maltese Falcon;Satan Met a Lady;The Maltese Falcon;The Black Bird;;
Louis L'Amour;The Man Called Noon;;
Marvin H. Albert;Rough Night in Jericho;;
Sloan Wilson;The Man in the Gray Flannel Suit;;
Man on Fire;Man on Fire;Man on Fire;;
The Man Who Fell to Earth;The Man Who Fell to Earth;The Man Who Fell to Earth;The Man Who Fell to Earth;;
Ewen Montagu;The Man Who Never Was;;
The Man with the Golden Gun;The Man with the Golden Gun;;
Isabelle Holland;The Man Without a Face;;
;Man Without a Star;;
The Manchurian Candidate;The Manchurian Candidate;The Manchurian Candidate;;
Marcel Pagnol;Manon des Sources;Manon des Sources;;
Marnie;Marnie;;
Mary Poppins;Mary Poppins;;
MASH: A Novel About Three Army Doctors;MASH;;
Marathon Man;Marathon Man;;
The Matarese Circle;The Matarese Circle;;
Matilda;Matilda;;
Maurice;Maurice;;
The Mayor of Casterbridge;The Mayor of Casterbridge;The Mayor of Casterbridge;The Mayor of Casterbridge;The Claim;;
McTeague;McTeague;Greed;;
The Medusa Touch;The Medusa Touch;;
The Memoirs of Cleopatra;Cleopatra;;
Fred Mustard Stewart;The Mephisto Waltz;;
Theodore Pratt;Mercy Island;;
Merton of the Movies;Merton of the Movies;Make Me a Star;Merton of the Movies;;
Message in a Bottle;Message in a Bottle;;
Marvin H. Albert;Tony Rome;Lady in Cement;;
Midnight and Jeremiah;So Dear to My Heart;;
William Wharton;A Midnight Clear;;
The Midwich Cuckoos;Village of the Damned;Children of the Damned;Village of the Damned;;
Mildred Pierce;Mildred Pierce;;
Millennium;Millennium;;
Millennium;Millennium;The Girl with the Dragon Tattoo;The Girl Who Played with Fire;The Girl Who Kicked the Hornets' Nest;The Girl with the Dragon Tattoo;The Girl Who Played with Fire;The Girl Who Kicked the Hornets' Nest;;
Mine-Haha, or On the Bodily Education of Young Girls;Innocence;The Fine Art of Love: Mine Ha-Ha;;
The Mirror Crack'd from Side to Side;The Mirror Crack'd;Subho Mahurat;;
Les MisÃ©rables;On the Barricade;Le Chemineau;Les MisÃ©rables;The Bishop's Candlesticks;Les MisÃ©rables;Les MisÃ©rables;The Bishop's Candlesticks;Les MisÃ©rables;Les MisÃ©rables;Aa Mujou;Les MisÃ©rables;The Bishop's Candlesticks;Aa Mujou;Jean Valjean;Les MisÃ©rables;Les MisÃ©rables;Gavrosh;Kyojinden;Los Miserables;El Boassa;I Miserabili;Les Nouveaux MisÃ©rables;Re mizeraburu: Kami to Akuma;Ezhai Padum Padu;Beedala Patlu;Les MisÃ©rables;Kundan;Duppathage Duka;Sirakaruwa;Les MisÃ©rables;Os MiserÃ¡veis;Jean Valjean;Cosette;Gavroche;Jean Valjean;I miserabili;Les MisÃ©rables;Os MiserÃ¡veis;Sefiller;Les MisÃ©rables;Los Miserables;Les MisÃ©rables;Al Boasa;Les MisÃ©rables;Les MisÃ©rables;Les MisÃ©rables â€“ The Dream Cast in Concert;Les MisÃ©rables;Les MisÃ©rables;Les MisÃ©rables - 25th Anniversary Live from the O2;Les MisÃ©rables;Les MisÃ©rables;;
Misery;Misery;;
Miss Lonelyhearts;Advice to the Lovelorn;Lonelyhearts;Miss Lonelyhearts;;
Moby-Dick;The Sea Beast;Moby Dickâ€”Rehearsed;Moby Dick;Tom and Jerry;Dicky Moe;Moby Dick;Dot and the Whale;Moby Dick;Moby Dick;Capitaine Achab;Moby Dick;Moby Dick;Moby Dick;Age of the Dragons;;
Moderato Cantabile;Seven Days... Seven Nights;;
;The Molly Maguires;;
;The Killer Elite;;
Murray Leinster;The Navy vs. the Night Monsters;;
Max Brand;Branded;;
The Moon and Sixpence;The Moon and Sixpence;;
Moonraker;Moonraker;;
Mary Stewart;The Moon-Spinners;;
The Moonstone;The Moonstone;The Moonstone;The Moonstone;The Moonstone;;
Morpho Eugenia;Angels &amp; Insects;;
The Mortal Instruments;The Mortal Instruments: City of Bones;;
Le Morte d'Arthur;Excalibur;;
Paul Theroux;The Mosquito Coast;;
Mother Carey's Chickens;Mother Carey's Chickens;Summer Magic;;
Mother Night;Mother Night;;
A Mother's Gift;Brave New Girl;;
The Moving Target;Harper;;
Edward Streeter;Mr. Hobbs Takes a Vacation;;
Theodore Pratt;The Incredible Mr. Limpet;;
Theodore Pratt;Mr. Winkle Goes to War;;
Mrs. Frisby and the Rats of NIMH;The Secret of NIMH;The Secret of NIMH 2: Timmy to the Rescue;;
Mrs McGinty's Dead;Murder Most Foul;;
William Bradford Huie;Wild River;;
Jaime Bayly;La mujer de mi hermano;;
A Mule for the Marquesa;The Professionals;;
Murder in Amityville;Amityville II: The Possession;;
Murder on the Orient Express;Murder on the Orient Express;Murder on the Orient Express;;
Max Schott;Murphy's Romance;;
;Bullitt;;
My Ã?ntonia;My Antonia;;
Anthony Joseph Drexel Biddle, Sr.;The Happiest Millionaire;;
My Friend Flicka;My Friend Flicka;Thunderhead, Son of Flicka;Green Grass of Wyoming;Flicka;Flicka 2;;
;Abdulla the Great;;
Frank Harris;Cowboy;;
The Mystery of Edwin Drood;The Mystery of Edwin Drood;The Mystery of Edwin Drood;The Mystery of Edwin Drood;The Mystery of Edwin Drood;The Mystery of Edwin Drood;;
The Mysterious Island;20,000 Leagues Under the Sea;The Mysterious Island;Mysterious Island;Mysterious Island;Mysterious Island;La Isla misteriosa y el capitÃ¡n Nemo;Mysterious Island;Mysterious Island;Journey 2: The Mysterious Island;;
Mystic River;Mystic River;;
Fiction work(s);;
The Name of the Rose;The Name of the Rose;;
The Naked and the Dead;The Naked and the Dead;;
Morris West;The Naked Country;;
The Naked Face;The Naked Face;;
Naked Lunch;Naked Lunch;;
Dan Greenburg;The Guardian;;
The Nanny Diaries;The Nanny Diaries;;
The Natural;The Natural;;
National Velvet;National Velvet;International Velvet;;
Joy Cowley;The Night Digger;;
Rex Beach;Fair Lady;;
Nevada;Nevada;Nevada;Nevada;;
Never Cry Wolf;Never Cry Wolf;;
The Neverending Story;The NeverEnding Story;The NeverEnding Story II: The Next Chapter;The NeverEnding Story III;The NeverEnding Story;;
Nicholas Nickleby;Nicholas Nickleby;Nicholas Nickleby;Nicholas Nickleby;Nicholas Nickleby;Nicholas Nickleby;Nicholas Nickleby;Nicholas Nickleby;The Life and Adventures of Nicholas Nickleby;Nicholas Nickleby;;
The Nick Adams Stories;Hemingway's Adventures of a Young Man;;
Night and the City;Night and the City;Night and the City;;
Cornell Woolrich;Night Has a Thousand Eyes;;
Hans Hellmut Kirst;The Night of the Generals;;
The Night of the Hunter;The Night of the Hunter;;
Tennessee Williams;The Night of the Iguana;;
Maritta Wolff;The Man I Love;;
Night Watch;Night Watch;Day Watch;;
Cornell Woolrich;Fear in the Night;Nightmare;;
Nightmare Alley;Nightmare Alley;;
Nights in Rodanthe;Nights in Rodanthe;;
Nightwing;Nightwing;;
Elizabeth McNeill;9Â½ Weeks;Another 9Â½ Weeks;The First 9Â½ Weeks;;
Nineteen Eighty-Four;Nineteen Eighty-Four;Nineteen Eighty-Four;1984;Nineteen Eighty-Four;;
William Peter Blatty;The Ninth Configuration;;
No Country for Old Men;No Country for Old Men;;
;No Down Payment;;
No Orchids for Miss Blandish;No Orchids for Miss Blandish;The Grissom Gang;La Chair de l'orchidÃ©e;;
Jaime Bayly;No se lo Digas a Nadie;;
Clair Huffaker;The Last Warrior;;
Henry Wilson Allen;Tashunga;;
Northern Lights;The Golden Compass;;
Northwest Passage;Northwest Passage;;
Nostromo;Nostromo;;
The Notebook;The Notebook;;
Nothing Lasts Forever;Die Hard;;
Nurse Matilda;Nanny McPhee;Nanny McPhee and the Big Bang;;
Fiction work(s);;
F. L. Green;Odd Man Out;;
William P. McGivern;Odds Against Tomorrow;;
Odyssey;Ulysses;The Odyssey;Ulysses' Gaze;Greek;Î¤Î¿ Î²Î»Î­Î¼Î¼Î± Ï„Î¿Ï… ÎŸÎ´Ï…ÏƒÏƒÎ­Î±;The Odyssey;O Brother, Where Art Thou?;Odysseus and the Isle of the Mists;;
Audition;Audition;;
Of Human Bondage;Of Human Bondage;Of Human Bondage;Of Human Bondage;;
Of Mice and Men;Of Mice and Men;Of Mice and Men;;
Oil!;There Will Be Blood;;
The Old Curiosity Shop;The Old Curiosity Shop;The Old Curiosity Shop;The Old Curiosity Shop;The Old Curiosity Shop;The Old Curiosity Shop;The Old Curiosity Shop;The Old Curiosity Shop;The Old Curiosity Shop;The Old Curiosity Shop;The Old Curiosity Shop;;
The Old Man and the Sea;The Old Man and the Sea;The Old Man and the Sea;The Old Man and the Sea;;
Old Yeller;Old Yeller;Savage Sam;;
Oliver Twist;Oliver Twist;Oliver Twist;Oliver Twist;Oliver Twist;Oliver!;Oliver Twist;Oliver &amp; Company;Oliver Twist;Twist;Boy called Twist;Oliver Twist;;
Oliver's Story;Oliver's Story;;
Oms en sÃ©rie;Fantastic Planet;;
On Her Majesty's Secret Service;On Her Majesty's Secret Service;;
On Stranger Tides;Pirates of the Caribbean: On Stranger Tides;;
One Flew Over the Cuckoo's Nest;One Flew Over the Cuckoo's Nest;;
One for the Money;One for the Money;;
One Gallant Rush;Glory;;
Kir Bulychev;Guest from the Future;;
Robert Nathan;One More Spring;;
One Shot (novel);Jack Reacher (film);;
One Thousand and One Nights;Le Palais des Mille et une nuits;The Thief of Bagdad;The Thief of Bagdad;1001 Arabian Nights;Il fiore delle Mille ed una notte;Scooby-Doo in Arabian Nights;;
The Onion Field;The Onion Field;;
Lauran Paine;Open Range;;
Gordon Gordon and Mildred Gordon;Experiment in Terror;;
Ordinary People;Ordinary People;;
Orlando: A Biography;Orlando;;
The Osterman Weekend;The Osterman Weekend;;
The Other Boleyn Girl;The Other Boleyn Girl;The Other Boleyn Girl;;
;Back from the Dead;;
The Other Side of Midnight;The Other Side of Midnight;;
Ernest K. Gann;Our Girl Friday;;
Our Man in Havana;Our Man in Havana;;
Elmore Leonard;Out of Sight;;
An Outcast of the Islands;An Outcast of the Islands;;
The Outsiders;The Outsiders;;
John Galsworthy;One More River;;
The Ox-Bow Incident;The Ox-Bow Incident;;
Fiction work(s);;
;The Beguiled;;
A Painted House;A Painted House;;
The Painted Veil;The Painted Veil;The Seventh Sin;The Painted Veil;;
Pan Wolodyjowski;Colonel Wolodyjowski;;
Parineeta;Parineeta;Parineeta;Parineeta;Parineeta;;
;Paris Blues;;
Les Particules Ã‰lÃ©mentaires;The Elementary Particles;;
Eugene Manlove Rhodes;Four Faces West;;
A Passage to India;A Passage to India;;
Patriot Games;Patriot Games;;
Rumer Godden;The Peacock Spring;;
The Pelican Brief;The Pelican Brief;;
;No Escape;;
The People That Time Forgot;The People That Time Forgot;;
Percy Jackson &amp; the Olympians;Percy Jackson &amp; the Olympians;Percy Jackson &amp; the Olympians: The Lightning Thief;Percy Jackson &amp; the Olympians: The Sea of Monsters;;
Andrew Neiderman;Perfect Little Angels;;
Pet Sematary;Pet Sematary;Pet Sematary Two;;
Peter Pan, or The Boy Who Wouldn't Grow Up;Peter Pan;Peter Pan;Return to Never Land;Peter Pan;The Lost Boys;Hook;Peter Pan;Neverland;Peter Pan;Neverland;Finding Neverland;Tinker Bell;Tinker Bell;Tinker Bell and the Lost Treasure;Tinker Bell and the Great Fairy Rescue;Pixie Hollow Games;Secret of the Wings;;
Peyton Place;Peyton Place;;
;Juarez;;
Phantom Lady;Phantom Lady;;
The Phantom of the Opera;The Phantom of the Opera;Phantom of the Opera;The Phantom of the Opera;The Phantom of the Opera;The Phantom of the Opera;The Phantom of the Opera;;
Pharaoh;Pharaoh;;
Richard P. Powell;The Young Philadelphians;;
Manuel VÃ¡zquez MontalbÃ¡n;The Pianist;;
The Pickwick Papers;The Pickwick Papers;The Adventures of Mr. Pickwick;The Pickwick Papers;;
The Picture of Dorian Gray;Dorian Grays PortrÃ¦t;The Picture of Dorian Gray;The Picture of Dorian Gray;Das Bildnis des Dorian Gray;Az Ã‰let kirÃ¡lya;The Picture of Dorian Gray;El Retrato de Dorian Gray;Dorian Gray;The Picture of Dorian Gray;The Picture of Dorian Gray;Le Portrait de Dorian Gray;The Sins of Dorian Gray;Dorian;The League of Extraordinary Gentlemen;Dorian;The Picture of Dorian Gray;The Picture of Dorian Gray;The Picture of Dorian Gray;The Picture (of Dorian Gray);Dorian Gray;;
Gerald N. Lund;The Work and the Glory;;
Andrew Neiderman;Pin;;
Pioneer, Go Home!;Follow That Dream;;
The Pirates!;The Pirates! In an Adventure with Scientists;;
;Love Letters;;
La PlanÃ¨te des singes;Planet of the Apes;Planet of the Apes;Beneath the Planet of the Apes;Escape from the Planet of the Apes;Conquest of the Planet of the Apes;Battle for the Planet of the Apes;Planet of the Apes;Rise of the Planet of the Apes;;
;The Girls of Pleasure Island;;
Dominique Vivant;The Lovers;;
The Polar Express;The Polar Express;;
Pollyanna;Pollyanna;Pollyanna;Hayat sevince gÃ¼zel;Pollyanna;The Adventures of Pollyanna;Polly;Polly: Comin' Home!;Pollyanna;;
Le Pont de la RiviÃ¨re Kwai;The Bridge on the River Kwai;Return from the River Kwai;;
Poodle Springs;Poodle Springs;;
The Pope of Greenwich Village;The Pope of Greenwich Village;;
PopiÃ³Å‚ i diament;;;
Portnoy's Complaint;Portnoy's Complaint;;
Robert Nathan;Portrait of Jennie;;
The Poseidon Adventure;The Poseidon Adventure;Beyond the Poseidon Adventure;The Poseidon Adventure;Poseidon;;
The Positronic Man;Bicentennial Man;;
Possession: A Romance;Possession;;
The Postman;The Postman;;
The Postman Always Rings Twice;Le Dernier Tournant;Ossessione;The Postman Always Rings Twice;The Postman Always Rings Twice;;
The Power;The Power;;
The Power and the Glory;The Fugitive;;
The Power of One;The Power of One;;
StanisÅ‚aw Dygat;Farewells;;
Presumed Innocent;Presumed Innocent;;
Pride and Prejudice;Pride and Prejudice;Pride &amp; Prejudice: A Latter-Day Comedy;Bride and Prejudice;Pride &amp; Prejudice;;
The Prince and the Pauper;The Prince and the Pauper;The Prince and the Pauper;Der Prinz und der Bettelknabe;Yiskor;The Prince and the Pauper;The Prince and the Pauper;The Prince and the Pauper;Raja Aur Runk;The Adventures of the Prince and the Pauper;Princ a chudas;Prints i nishchiy;Crossed Swords;Ringo;Trading Places;The Prince and the Pauper;Dave;The Prince and the Pauper;It Takes Two;The Prince and the Pauper;The Prince and the Surfer;The Pooch and the Pauper;The Prince and the Pauper;Barbie as the Princess and the Pauper;The Prince and the Pauper;Garfield: A Tale of Two Kitties;A Modern Twain Story: The Prince and the Pauper;;
The Prince of Tides;The Prince of Tides;;
The Princess Bride;The Princess Bride;;
The Princess Diaries;The Princess Diaries;The Princess Diaries;The Princess Diaries 2: Royal Engagement;;
A Princess of Mars;Princess of Mars;John Carter;;
The Prisoner of Zenda;The Prisoner of Zenda;The Prisoner of Zenda;The Prisoner of Zenda;The Prisoner of Zenda;The Prisoner of Zenda;The Prisoner of Zenda;The Prisoner of Zenda;;
Promise at Dawn;Promise at Dawn;;
Pronto;Pronto;;
Professor Unrat;Der blaue Engel;;
Psycho;Psycho;Psycho II;Psycho III;Psycho IV: The Beginning;Psycho;;
Psycho II;Psycho II;;
The Puppet Masters;The Brain Eaters;The Puppet Masters;;
The Purple Cloud;The World, the Flesh and the Devil;;
;Dirty Mary, Crazy Larry;;
Fiction work(s);;
Edwin Torres;Q &amp; A;;
QB VII;QB VII;;
The Queen of the Damned;Queen of the Damned;;
Quentin Durward;The Adventures of Quentin Durward;;
Louis L'Amour;The Quick and the Dead;;
The Quiet American;The Quiet American;The Quiet American;;
Fiction work(s);;
Radio Free Albemuth;Radio Free Albemuth;;
Ragtime;Ragtime;;
Luke Short;Ramrod;;
Zane Grey;The Arizona Raiders;;
V.C. Andrews;Rain;;
The Rainbird Pattern;Family Plot;;
The Rainbow;The Rainbow;;
The Rainbow Trail;The Rainbow Trail;The Rainbow Trail;The Rainbow Trail;;
The Rainmaker;The Rainmaker;;
Raise the Titanic!;Raise the Titanic;;
Random Hearts;Random Hearts;;
Rascal;Rascal;;
Ratman's Notebooks;Willard;Ben;Willard;;
The Razor's Edge;The Razor's Edge;The Razor's Edge;;
The Reader;The Reader;;
Rebecca;Rebecca;;
Asa Earl Carter;The Outlaw Josey Wales;;
Red Alert;Dr. Strangelove or: How I Learned to Stop Worrying and Love the Bomb;;
Red Dragon;Manhunter;Red Dragon;;
;The Fighting Prince of Donegal;;
The Red Pony;The Red Pony;;
W. C. Tuttle;Range Feud;The Red Rider;;
Reflections in a Golden Eye;Reflections in a Golden Eye;;
The Reincarnation of Peter Proud;The Reincarnation of Peter Proud;;
The Reivers;The Reivers;;
The Remains of the Day;The Remains of the Day;;
Rendezvous in Black;Seven Blood-Stained Orchids;;
The Rescuers;The Rescuers;The Rescuers Down Under;;
The Return of the Condor Heroes;The Story of the Great Heroes;The Brave Archer and His Mate;Little Dragon Maiden;;
The Return of the King;The Return of the King;The Lord of the Rings: The Return of the King;;
Return of the Living Dead;Return of the Living Dead;The Return of the Living Dead;Return of the Living Dead Part II;Return of the Living Dead 3;Return of the Living Dead 4: Necropolis;Return of the Living Dead 5: Rave from the Grave;More Brains! A Return to the Living Dead;;
The Return of the Native;The Return of the Native;The Return of the Native;;
The Return of the Soldier;The Return of the Soldier;;
Return to Paradise;Return to Paradise;Until They Sail;;
Return to Peyton Place;Return to Peyton Place;;
Reuben, Reuben;Reuben, Reuben;;
Revolt;Scarlet Dawn;;
The Revolt of Mamie Stover;The Revolt of Mamie Stover;;
Revolutionary Road;Revolutionary Road;;
The Riddle of the Sands: A Record of Secret Service;The Riddle of the Sands;Das RÃ¤tsel der Sandbank;;
Riders of the Purple Sage;Riders of the Purple Sage;Riders of the Purple Sage;Riders of the Purple Sage;Riders of the Purple Sage;Riders of the Purple Sage;;
Ripley Under Ground;Ripley Under Ground;;
Ripley's Game;Ripley's Game;;
Rising Sun;Rising Sun;;
Rumer Godden;The River;;
Riverworld;Riverworld;Riverworld;;
Les riviÃ¨res pourpres;Les riviÃ¨res pourpres;Les riviÃ¨res pourpres II: Les anges de l'apocalypse;;
The Road;The Road;;
The Road Back;The Road Back;;
The Highland Rogue;Rob Roy, the Highland Rogue;Rob Roy;;
The Robe;The Robe;;
Robinson Crusoe;Robinson Crusoe;Adventures of Robinson Crusoe;Robinson Crusoe on Mars;Lt. Robin Crusoe, U.S.N.;Crusoe;Shipwrecked;Robinson Crusoe;;
William P. McGivern;Rogue Cop;;
MacKinlay Kantor;The Romance of Rosy Ridge;;
A Room with a View;A Room with a View;;
The Roots of Heaven;The Roots of Heaven;;
Rosemary's Baby;Rosemary's Baby;Look What's Happened to Rosemary's Baby;;
The Rover;L'avventuriero;;
The Rules of Attraction;The Rules of Attraction;;
Rum Punch;Jackie Brown;;
The Runaway Jury;Runaway Jury;;
Paula Gosling;Cobra;Fair Game;;
The Running Man;The Running Man;;
The Russia House;The Russia House;;
;Melody Time;Tall Tale;;
Sahara;Sahara;;
The Sailor Who Fell from Grace with the Sea;The Sailor Who Fell from Grace with the Sea;;
Paul Theroux;Saint Jack;;
W. R. Burnett;Law and Order;Wild West Days;;
Morris West;The Salamander;;
'Salem's Lot;Salem's Lot;A Return to Salem's Lot;'Salem's Lot;;
Paul Torday;Salmon Fishing in the Yemen;;
;The Great Macarthy;;
Sanctuary;The Story of Temple Drake;;
The Sand Pebbles;The Sand Pebbles;;
Vicente Blasco IbÃ¡Ã±ez;Blood and Sand;Blood and Sand;Blood and Sand;Blood and Sand;;
The Satan Bug;The Satan Bug;;
Steve Shagan;Save the Tiger;;
Sayonara;Sayonara;;
A Scanner Darkly;A Scanner Darkly;;
Armitage Trail;Scarface;Scarface;Scarface;;
The Scarlet Letter;The Scarlet Letter;The Scarlet Letter;The Scarlet Letter;The Scarlet Letter;The Scarlet Letter;The Scarlet Letter;Der Scharlachrote Buchstabe;The Scarlet Letter;The Scarlet Letter;Juhong geulshi;;
The Scarlet Pimpernel;The Scarlet Pimpernel;The Laughing Cavalier;The Elusive Pimpernel;The Triumph of the Scarlet Pimpernel;The Scarlet Pimpernel;Return of the Scarlet Pimpernel;Pimpernel Smith;Pimpernel Svensson;The Elusive Pimpernel;The Scarlet Pimpernel;Don't Lose Your Head;The Elusive Pimpernel;The Scarlet Pimpernel;The Scarlet Pimpernel;The Forecourt Pimpernel;The Black Pimpernel;The Scarlet Pimpernel;;
Alan Le May;The Searchers;;
Schindler's Ark;Schindler's List;;
The Screaming Mimi;The Screaming Mimi;The Bird with the Crystal Plumage;;
Donald E. Westlake;The Score;;
The Sea Hawk;The Sea Hawk;The Sea Hawk;;
The Sea-Wolf;The Sea-Wolf;The Sea Wolf;The Sea Wolf;The Sea Wolf;The Sea Wolf;Wolf Larsen;Der Seewolf;Il Lupo dei Mari;Morskoj volk;The Sea Wolf;The Sea Wolf;The Sea Wolf;Sea Wolf;;
Morris West;The Second Victory;;
The Secret Agent;Sabotage;The Secret Agent;;
The Secret Dreamworld of a Shopaholic;Confessions of a Shopaholic;;
The Secret Life of Bees;The Secret Life of Bees;;
JosÃ© Maria Ferreira de Castro;The Forest;;
Sense and Sensibility;Sense and Sensibility;Sense and Sensibility;Kandukondain Kandukondain;Sense and Sensibility;From Prada to Nada;;
Seven Days to a Killing;The Black Windmill;;
The Seven-Per-Cent Solution;The Seven-Per-Cent Solution;;
Donald E. Westlake;The Split;;
JÃºlio Dantas;A Severa;;
The Shadow Line;Smuga cienia;;
Louis L'Amour;The Shadow Riders;;
Ernest Tidyman;Shaft;Shaft's Big Score;Shaft in Africa;Shaft;;
Ernest Tidyman;Shaft's Big Score;;
Shalako;Shalako;;
The Shape of Things to Come;Things to Come;H. G. Wells' The Shape of Things to Come;;
She: A History of Adventure;La Colonne de feu;She;She;She;She;She;She;She;The Vengeance of She;S+H+E: Security Hazards Expert;She;She;She;;
Jin Yong;Story of the Vulture Conqueror;The Brave Archer;The Brave Archer 2;The Brave Archer 3;The Brave Archer and His Mate;Se diu ying hung ji dung sing sai jau;DongxiÃ© XidÃº;;
;She Loves Me Not;True to the Army;How to Be Very, Very Popular;;
Sheep;The Dark;;
;Blind Shaft;;
Josephine Tey;Young and Innocent;;
The Shining;The Shining;The Shining;;
Susan Isaacs;Shining Through;;
The Shipping News;The Shipping News;;
The Shrinking Man;The Incredible Shrinking Man;The Incredible Shrinking Woman;;
The Shoes of the Fisherman;The Shoes of the Fisherman;;
Shoeless Joe;Field of Dreams;;
Glendon Swarthout;The Shootist;;
Wilbur Smith;Shout at the Devil;;
Shutter Island;Shutter Island;;
Sideways;Sideways;;
The Siege of Trencher's Farm;Straw Dogs;Straw Dogs;;
The Silence of the Lambs;The Silence of the Lambs;;
;The Singer Not the Song;;
John Monk Saunders;The Last Flight;;
A Simple Plan;A Simple Plan;;
Ryne Douglas Pearson;Mercury Rising;;
Sister Carrie;Carrie;;
The Sisterhood of the Traveling Pants;The Sisterhood of the Traveling Pants;The Sisterhood of the Traveling Pants 2;;
Six Days of the Condor;Three Days of the Condor;;
Fred Mustard Stewart;Six Weeks;;
Skinwalkers;Skinwalkers;;
Skipping Christmas;Christmas with the Kranks;;
Faith Baldwin;Skyscraper Souls;;
Slaughterhouse-Five;Slaughterhouse-Five;;
Donald E. Westlake;;
Sleeping with the Enemy;Sleeping with the Enemy;;
Ira Levin;Sliver;;
Slugs;Slugs;;
Small Vices;Spenser: Small Vices;;
Lionel White;The Night of the Following Day;;
Snow Angels;Snow Angels;;
Stark Young;So Red the Rose;;
Solaris;Solaris;Solaris;;
Ernest K. Gann;Soldier of Fortune;;
A Soldier's Daughter Never Cries;A Soldier's Daughter Never Cries;;
Something Wicked This Way Comes;Something Wicked This Way Comes;;
The Song of Bernadette;The Song of Bernadette;;
Sons and Lovers;Sons and Lovers;Sons and Lovers;Sons and Lovers;;
;S.O.S. Noronha;;
Sour Sweet;Soursweet;;
SorstalansÃ¡g;Fateless;;
The Sound and the Fury;The Sound and the Fury;;
Space;Space;;
The Space Vampires;Lifeforce;;
The Spanish Gardener;The Spanish Gardener;;
Spartacus;Spartacus;Spartacus;;
Sphere;Sphere;;
Spider;Spider;;
The Spiderwick Chronicles;The Spiderwick Chronicles;;
Spirales;Spirale;;
Split Images;Split Images;;
Rex Beach;The Spoilers;The Spoilers;The Spoilers;The Spoilers;The Spoilers;;
The Spook Who Sat by the Door;The Spook Who Sat by the Door;;
James Aldridge;Ride a Wild Pony;;
Spy Story;Spy Story;;
The Spy Who Came in from the Cold;The Spy Who Came in from the Cold;;
The Spy Who Loved Me;The Spy Who Loved Me;;
Zane Grey;Stairs of Sand;;
T. V. Olsen;The Stalking Moon;;
The Stand;The Stand;The Stand;;
;Apache Drums;;
Stara baÅ›Å„. PowieÅ›Ä‡ z dziejÃ³w Polski;;;
Stardust;Stardust;;
Robert Buckner;Moon Pilot;;
;The Second Time Around;;
Joe David Brown;Stars In My Crown;;
The Stars Look Down;The Stars Look Down;;
Starship Troopers;Starship Troopers;Starship Troopers 2: Hero of the Federation;Starship Troopers 3: Marauder;;
Luke Short;Station West;;
The Stepford Wives;The Stepford Wives;Revenge of the Stepford Wives;The Stepford Children;The Stepford Husbands;The Stepford Wives;;
Stella Dallas;Stella Dallas;Stella Dallas;Stella;;
A Stir of Echoes;Stir of Echoes;Stir of Echoes: The Homecoming;;
Horace McCoy;The Turning Point;;
Strange Case of Dr Jekyll and Mr Hyde;Dr. Jekyll and Mr. Hyde;Den SkÃ¦bnesvangre Opfindelse;Dr. Jekyll and Mr. Hyde;Dr. Jekyll and Mr. Hyde;Dr. Jekyll and Mr. Hyde;Dr. Jekyll and Mr. Hyde;Der Januskopf;Dr. Jekyll and Mr. Hyde;Dr. Jekyll and Mr. Hyde;The Son of Dr. Jekyll;The Daughter of Dr. Jekyll;The Testament of Dr. Cordelier;The Two Faces of Dr. Jekyll;The Nutty Professor;The Nutty Professor;The Strange Case of Dr. Jekyll and Mr. Hyde;Dr. Jekyll and Sister Hyde;I, Monster;Dr. Jekyll y el Hombre Lobo;Dr. Jekyll and Mr. Hyde;The Strange Case of Dr. Jekyll and Mr. Hyde;Jekyll and Hyde... Together Again;The Strange Case of Dr. Jekyll and Mr. Hyde;Dr. Jekyll and Mr. Hyde;Edge of Sanity;Dr. Jekyll and Mr. Hyde;Jekyll &amp; Hyde;Dr. Jekyll and Ms. Hyde;Mary Reilly;The Nutty Professor;Nutty Professor II: The Klumps;Dr. Jekyll &amp; Mr. Hyde;Dr. Jekyll and Mr. Hyde;Jekyll + Hyde;Jekyll;Dr. Jekyll &amp; Mr. Hyde;Jekyll;;
George Sanders;A Stranger Came Home;;
A Stranger Is Watching;A Stranger Is Watching;;
Strangers on a Train;Strangers on a Train;;
;The Stranger's Return;;
The Street Lawyer;The Street Lawyer;;
Strip Tease;Striptease;;
Stuart Little;Stuart Little;Stuart Little 2;Stuart Little 3: Call of the Wild;;
The Stud;The Stud;;
Stupeur et Tremblement;Fear and Trembling;;
Prince Michael of Greece and Denmark;The Favorite;;
The Sum of All Fears;The Sum of All Fears;;
Zane Grey;Summer Pass;;
The Sun Also Rises;The Sun Also Rises;The Sun Also Rises;;
Arthur Herzog;The Swarm;;
Der Schweizerische Robinson;Al-á¹¬urfa al-Å ahiyya fÄ« aá¸«bÄ?r al-Ê¿AÊ¾ila al-SwÄ«siyya - Arabic translation;Swiss Family Robinson;Mighty Mouse;Swiss Cheese Family Robinson;The Swiss Family Robinson;Swiss Family Robinson;The Swiss Family Robinson;The Swiss Family Robinson;The Swiss Family Robinson;The Swiss Family Robinson;Mountain Family Robinson;The Adventures of Swiss Family Robinson;Beverly Hills Family Robinson;The New Swiss Family Robinson;;
The Sword in the Stone;The Sword in the Stone;;
Fiction work(s);;
Louis L'Amour;Taggart;;
Tai-Pan;Tai-Pan;;
Rumer Godden;Enchantment;;
The Taking of Pelham One Two Three;The Taking of Pelham One Two Three;The Taking of Pelham One Two Three;The Taking of Pelham 123;;
A Tale of Two Cities;A Tale of Two Cities;A Tale of Two Cities;A Tale of Two Cities;The Only Way;A Tale of Two Cities;A Tale of Two Cities;;
Tales of the South Pacific;South Pacific;South Pacific;;
The Talented Mr. Ripley;Plein Soleil;The Talented Mr. Ripley;;
Henry Wilson Allen;The Tall Men;;
Ihsan Abdel Quddous;Al-Tareeq al-Masdood;;
Tarzan;Tarzan of the Apes;The Romance of Tarzan;The Revenge of Tarzan;The Son of Tarzan;The Adventures of Tarzan;Tarzan and the Golden Lion;Tarzan the Mighty;Tarzan the Tiger;Tarzan the Ape Man;Tarzan the Fearless;Tarzan and His Mate;The New Adventures of Tarzan;Tarzan Escapes;Tarzan and the Green Goddess;Tarzanâ€™s Revenge;Tarzan Finds a Son!;Tarzan's Secret Treasure;Tarzan's New York Adventure;Tarzan Triumphs;Tarzan's Desert Mystery;Tarzan and the Amazons;Tarzan and the Leopard Woman;Tarzan and the Huntress;Tarzan and the Mermaids;Tarzan's Magic Fountain;Tarzan and the Slave Girl;Tarzan's Peril;Tarzan's Savage Fury;Tarzan and the She-Devil;Tarzan's Hidden Jungle;Tarzan and the Lost Safari;Tarzan and the Trappers;Tarzan's Fight for Life;Tarzan's Greatest Adventure;Tarzan, the Ape Man;Tarzan the Magnificent;Tarzan Goes to India;Tarzan's Three Challenges;Tarzan and the Valley of Gold;Tarzan and the Great River;Tarzan and the Jungle Boy;Tarzan's Deadly Silence;Tarzan and the Brown Prince;Tarzan, the Ape Man;Greystoke: The Legend of Tarzan, Lord of the Apes;Tarzan and the Lost City;Tarzan of the Apes;Disney's Tarzan;Tarzan;Tarzan &amp; Jane;Tarzan II;;
Walter Wager;Telefon;;
;Gun Fury;;
Andrew Neiderman;Tender Loving Care;;
The Terminal Man;The Terminal Man;;
Larry McMurtry;Terms of Endearment;;
Agustina Bessa-LuÃ­s;The Convent;;
Tess of the d'Urbervilles;Tess of the d'Urbervilles;Tess of the d'Urbervilles;Tess;;
The Tesseract;The Tesseract;;
Tex;Tex;;
Texas;James A. Michener's Texas;;
Larry McMurtry;Texasville;;
W. Somerset Maugham;Du bist zauberhaft;Theatre;Being Julia;;
Noel Langley;These Foolish Things;;
Deborah Moggach;The Best Exotic Marigold Hotel;;
Glendon Swarthout;They Came to Cordura;;
They Do It with Mirrors;Murder Ahoy!;Murder with Mirrors;;
Bernard Newman;Battle of the V-1;;
They Shoot Horses, Don't They?;They Shoot Horses, Don't They?;;
Thin Air;Thin Air;;
Armitage Trail;The Thirteenth Guest;;
The Thirty-Nine Steps;The 39 Steps;The 39 Steps;The Thirty Nine Steps;The 39 Steps;The Thirty-Nine Steps;;
Thieves Like Us;They Live by Night;Thieves Like Us;;
Paul Gallico;The Three Lives of Thomasina;;
;Bad Moon;;
Zane Grey;;
Thunderball;Thunderball;Never Say Never Again;;
Mary O'Hara;Thunderhead, Son of Flicka;;
Zane Grey;The Thundering Herd;The Thundering Herd;;
Three Godfathers;The Three Godfathers;Marked Men;Action;Hell's Heroes;Three Godfathers;3 Godfathers;The Godchild;;
Three-Ten to Yuma;3:10 to Yuma;3:10 to Yuma;;
Morton Freedgood;Johnny Handsome;;
Morton Freedgood;Never a Dull Moment;;
;A Tiger Walks;;
Time After Time;Time After Time;;
The Time Machine;The Time Machine;The Time Machine;Time After Time;The Time Machine;;
A Time to Kill;A Time to Kill;;
The Time Traveler's Wife;The Time Traveler's Wife;;
Timeline;Timeline;;
Tinker, Tailor, Soldier, Spy;Tinker, Tailor, Soldier, Spy;;
To Catch a Thief;To Catch a Thief;;
To Have and Have Not;To Have and Have Not;The Breaking Point;The Gun Runners;;
To Kill a Mockingbird;To Kill a Mockingbird;;
To Sir, With Love;To Sir, with Love;To Sir, with Love II;;
Dennis Wheatley;To the Devil a Daughter;;
To the Last Man;To the Last Man;;
Der Tod in Venedig;Death in Venice;;
Toby Tyler; or, Ten Weeks with a Circus;Toby Tyler;;
Toilers of the Sea;Sea Devils;;
Topaz;Topaz;;
Elmore Leonard;Touch;;
Jules Verne;'Round the World in 80 Days;Around the World in Eighty Days;Around the World in 80 Days;The Three Stooges Go Around the World in a Daze;Around the World in Eighty Days;Around the World in Eighty Days;Around the World with Willy Fog;Ginga Shippu Sasuraiger;Around the World in Eighty Days;Around the World in 80 Days;Around the World in 80 Days;Around the World in 80 Days;Tweety's High-Flying Adventure;Around the World in 80 Days;;
Simone de Beauvoir;All Men Are Mortal;;
The Tower;The Towering Inferno;;
A Town Like Alice;A Town Like Alice;;
The Track of the Cat;Track of the Cat;;
Trainspotting;Trainspotting;;
Treasure Island;Treasure Island;Treasure Island;Treasure Island;Treasure Island;Treasure Island;Long John Silver;Return to Treasure Island;Treasure Island;Animal Treasure Island;Treasure Island;Treasure Island;Treasure Island;L'ÃŽle au trÃ©sor;Return to Treasure Island;L'isola del tesoro;Treasure Island;Return to Treasure Island;Treasure Island;Muppet Treasure Island;Treasure Island;Treasure Planet;Pirates of Treasure Island;Die Schatzinsel;;
The Treasure of the Sierra Madre;The Treasure of the Sierra Madre;;
The Trial;The Trial;After Hours;The Trial;;
Trinity's Child;By Dawn's Early Light;;
Les Trois Mousquetaires;The Three Musketeers;The Three Musketeers: Part 1/The Three Musketeers: Part 2;The Three Musketeers;The Three Musketeers;Les Trois Mousquetaires;The Three Musketeers;The Three Musketeers;Les Trois Mousquetaires;The Three Musketeers;The Three Musketeers;The Three Musketeers;At Sword's Point;The Three Musketeers;Los tres mosqueteros y medio;Les trois mousquetaires: Premiere Ã©poque-Les ferrets de la reine;Les trois mousquetaires: La vengeance de Milady;The Three Musketeers;The Three Musketeers in Boots;The Three Musketeers;The Four Musketeers;The Return of the Musketeers;The Three Musketeers;Les Quatre Charlots Mousquetaires;A Nous Quatre Cardinal;d'Artagnan l'intrÃ©pide;d'Artagnan and Three Musketeers;The Secret of Queen Anna, or Musketeers Thirty Years After;The Return of the Musketeers, or The Treasures of Cardinal Mazarin;The Three Musketeers;Ring of the Musketeers;The Three Musketeers;La Fille de d'Artagnan;The Musketeer;d'Artagnan et les trois mousquetaires;Mickey, Donald, Goofy: The Three Musketeers;La Femme Musketeer;Barbie and the Three Musketeers;The Three Musketeers;;
Jack Trevor Story;The Trouble with Harry;;
True Grit;True Grit;Rooster Cogburn;True Grit: A Further Adventure;True Grit;;
Hermann Kant;The Turning Point;German;;
Constantin Virgil Gheorghiu;The 25th Hour;;
Ernest K. Gann;Twilight for the Gods;;
The Twilight Saga;The Twilight Saga;Twilight;The Twilight Saga: New Moon;The Twilight Saga: Eclipse;The Twilight Saga: Breaking Dawn â€“ Part 1;The Twilight Saga: Breaking Dawn â€“ Part 2;;
The Twins;Twin Sisters;;
Stewart Edward White;Under a Texas Moon;;
;Two-Minute Warning;;
Donald E. Westlake;Two Much;;
The Two Towers;J. R. R. Tolkien's The Lord of the Rings;The Lord of the Rings: The Two Towers;;
Arkady and Boris Strugatsky;Hard to Be a God;Hard to Be a God;;
Peter De Vries;The Tunnel of Love;;
Fiction work(s);;
Ueda Akinari;Ugetsu;;
Gladys Bronwyn Stern;The Ugly Dachshund;;
The Unbearable Lightness of Being;The Unbearable Lightness of Being;;
Dennis Wheatley;The Lost Continent;;
Uncle Remus;Song of the South;Coonskin;The Adventures of Brer Rabbit;;
Zane Grey;Under the Tonto Rim;Under the Tonto Rim;Under the Tonto Rim;;
Undercover Cat;That Darn Cat!;That Darn Cat;;
Samuel Hopkins Adams;The Wild Party;;
Alan Le May;The Unforgiven;;
Union Street;Stanley &amp; Iris;;
Tuntematon sotilas;The Unknown Soldier;The Unknown Soldier;;
Alan Le May;Along Came Jones;;
Fiction work(s);;
Elmore Leonard;Valdez Is Coming;;
Valley of the Dolls;Valley of the Dolls;;
Vampire$;Vampires;Vampires: Los Muertos;Vampires: The Turning;;
Les Valseuses;Going Places;;
Zane Grey;The Vanishing American;;
Vanity Fair;Vanity Fair;Vanity Fair;Vanity Fair;Vanity Fair;Vanity Fair;Becky Sharp;Vanity Fair;Vanity Fair;Vanity Fair;Vanity Fair;;
W. R. Burnett;Accused of Murder;;
Yandamuri Veerendranath;Beladingala Baale;;
Vengeance: The True Story of an Israeli Counter-Terrorist Team;Munich;;
Luke Short;Vengeance Valley;;
Martin Booth;The American;;
Vespers in Vienna;The Red Danube;;
The Vicomte of Bragelonne: Ten Years Later;The Iron Mask;The Man in the Iron Mask;The Man in the Iron Mask;The Man in the Iron Mask;;
Victory;Victory;Niebezpieczny raj;Dangerous Paradise;Victory;Victory;;
De vierde man;The Fourth Man;;
Vigil in the Night;Vigil in the Night;;
Edison Marshall;The Vikings;;
Walter Wager;Twilight's Last Gleaming;;
Vingt mille lieues sous les mers;20,000 lieues sous les mers;20,000 Leagues Under the Sea;20,000 Leagues Under the Sea;Captain Nemo and the Underwater City;20,000 Leagues Under the Sea;20,000 Leagues Under the Sea;Captain Nemo;The Return of Captain Nemo;The Black Hole;20,000 Leagues Under the Sea;20,000 Leagues Under the Sea;Hallmark;20,000 Leagues Under the Sea;Village Roadshow Pictures;Crayola Kids Adventures: 20,000 Leagues Under the Sea;20,000 Leagues Under the Sea;30,000 Leagues Under the Sea;Journey 2: The Mysterious Island;;
The Virginian: A Horseman of the Plains;The Virginian;The Virginian;The Virginian;The Virginian;The Virginian;;
Vision Quest;Vision Quest;;
MacKinlay Kantor;The Voice of Bugle Ann;;
Georges Darien;The Thief of Paris;;
Voyage au centre de la Terre;Journey to the Center of the Earth;Viaje al centro de la Tierra;Journey to the Center of the Earth;Journey to the Center of the Earth;Journey to the Center of the Earth;Journey to the Center of the Earth;Journey 2: The Mysterious Island;Journey to the Center of the Earth;The Asylum;;
Jules Verne;Conquest of the Pole;;
Gordon Thomas;Voyage of the Damned;;
Fiction work(s);;
Georges-Jean Arnaud;The Wages of Fear;Violent Road;Sorcerer;;
Murray Leinster;The Terrornauts;;
A Walk to Remember;A Walk to Remember;;
Walkabout;Walkabout;;
Walking Shadow;Walking Shadow;;
Cornell Woolrich;Mississippi Mermaid;Original Sin;;
Zane Grey;Wanderer of the Wasteland;Wanderer of the Wasteland;;
War and Peace;War and Peace;War and Peace;;
War Horse;War Horse;;
The War of the Roses;The War of the Roses;;
The War of the Worlds;The War of the Worlds;The War of the Worlds: Next Century;;H.G. Wells' The War of the Worlds;H.G. Wells' War of the Worlds;War of the Worlds 2: The Next Wave;;
Albert Mol;Wat zien ik;;
A Watcher in the Woods;The Watcher in the Woods;;
Water for Elephants;Water for Elephants;;
Zane Grey;The Water Hole;;
Watership Down;Watership Down;;
The Way West;The Way West;;
The Werewolf of Paris;The Curse of the Werewolf;Legend of the Werewolf;;
Zane Grey;West of the Pecos;West of the Pecos;West of the Pecos;;
The Wet Parade;;
We're Back! A Dinosaur's Story;We're Back! A Dinosaur's Story;;
What Dreams May Come;What Dreams May Come;;
Donald E. Westlake;What's the Worst Thing That Could Happen?;;
Ethel Lina White;The Lady Vanishes;The Lady Vanishes;;
When Eight Bells Toll;When Eight Bells Toll;;
When Knighthood Was in Flower;When Knighthood Was in Flower;The Sword and the Rose;;
When Worlds Collide;When Worlds Collide;When Worlds Collide;;
Alistair MacLean;Where Eagles Dare;;
Glendon Swarthout;Where the Boys Are;Where the Boys Are '84;;
Where the Red Fern Grows;Where the Red Fern Grows;;
Where the Wild Things Are;Where the Wild Things Are;;
Maritta Wolff;Whistle Stop;;
Lloyd C. Douglas;White Banners;;
White Dog;White Dog;;
White Fang;White Fang;White Fang;White Fang;White Fang;The Return of White Fang;White Fang to the Rescue;White Fang and the Gold Diggers;White Fang and the Hunter;White Fang;White Fang 2: Myth of the White Wolf;White Fang;White Fang;;
White Shark;Creature;;
Donald G. Payne;The White Ship;;
Alois Podhajsky;Miracle of the White Stallions;;
White Jazz;White Jazz;;
Who?;Who?;;
Who Censored Roger Rabbit?;Who Framed Roger Rabbit;;
Joan Henry;The Weak and the Wicked;;
Henry Wilson Allen;Young Billy Young;;
Donald E. Westlake;Why Me?;;
MacKinlay Kantor;;
Wide Sargasso Sea;Wide Sargasso Sea;;
A Widow for One Year;The Door in the Floor;;
Zane Grey;Wild Horse Mesa;Wild Horse Mesa;Wild Horse Mesa;;
Wilbur Smith;;
The Willing Flesh;Cross of Iron;;
Wilt;Wilt;;
The Wind in the Willows;The Adventures of Ichabod and Mr. Toad;The Wind in the Willows;The Wind in the Willows: A Tale of Two Toads;The Wind in the Willows;The Wind in the Willows;The Willows in Winter;The Wind in the Willows;The Wind in the Willows;The Wind in the Willows;;
The Wings of the Dove;The Wings of the Dove;The Wings of the Dove;;
Winnie-the-Pooh;Disney's Winnie the Pooh;The Many Adventures of Winnie the Pooh;Winnie the Pooh and Friends;Pooh's Grand Adventure: The Search for Christopher Robin;Winnie the Pooh: Seasons of Giving;The Tigger Movie;Winnie the Pooh: A Very Merry Pooh Year;Piglet's Big Movie;Winnie the Pooh: Springtime with Roo;Pooh's Heffalump Movie;Pooh's Heffalump Halloween Movie;My Friends Tigger and Pooh: Super Sleuth Christmas Movie;Tigger and Pooh and a Musical Too;Winnie the Pooh;;
Grace Zaring Stone;Winter Meeting;;
Daniel Woodrell;Winter's Bone;;
The Winter of Our Discontent;The Winter of Our Discontent;;
Wise Blood;Wise Blood;;
The Witches;The Witches;;
The Witches of Eastwick;The Witches of Eastwick;;
Witchfinder General;Witchfinder General;;
Peter De Vries;Pete 'n' Tillie;;
David Gregory;The Perfect Stranger;The Perfect Stranger;Another Perfect Stranger;The Perfect Gift;;
;The Bedroom Window;;
Daniel Woodrell;Ride with the Devil;;
The Wolfen;Wolfen;;
Charles Willeford;The Woman Chaser;;
The Woman in Black;The Woman in Black;The Woman in Black;;
The Woman in White;The Woman in White;The Woman in White;The Woman in White;The Woman in White;Crimes at the Dark House;The Woman in White;The Woman in Black;Zhenshchina v belom;;
T. D. Jakes;Woman Thou Art Loosed;;
Joanna McClelland Glass;Woman Wanted;;
Women in Love;Women in Love;;
The Women of Brewster Place;The Women of Brewster Place;;
Wonder Boys;Wonder Boys;;
The Wonderful Country;The Wonderful Country;;
The Wonderful Wizard of Oz;The Fairylogue and Radio-Plays;The Wonderful Wizard of Oz;Dorothy and the Scarecrow in Oz;The Land of Oz;John Dough and the Cherub;The Patchwork Girl of Oz;The Magic Cloak of Oz;His Majesty, the Scarecrow of Oz;Wizard of Oz;The Wizard of Oz;The Wizard of Oz;Return to Oz;The Wizard of Mars;The Wonderful Land of Oz;AyÅŸecik ve Sihirli CÃ¼celer RÃ¼yalar Ãœlkesinde;Hunter;Zardoz;Journey Back to Oz;The Wonderful Wizard of Oz;Oz;The Wiz;The Wizard of Oz;Return to Oz;Dorothy Meets Ozma of Oz;The Wizard of A.I.D.S.;The Wonderful Galaxy of Oz;Lion of Oz;Lost in Oz;The Muppets' Wizard of Oz;Tin Man;Tom and Jerry and the Wizard of Oz;The Wonderful Wizard of Oz;The Witches of Oz;Dorothy of Oz;;
The World According to Garp;The World According to Garp;;
The World in His Arms;The World in His Arms;;
Nora Johnson;The World of Henry Orient;;
The Wreck of the Mary Deare;The Wreck of the Mary Deare;;
The Wrong Box;The Wrong Box;;
Wuthering Heights;Wuthering Heights;Abismos de PasiÃ³n;Wuthering Heights;Emily BrontÃ«'s Wuthering Heights;Wuthering Heights;;
The Warriors;The Warriors;;
Fiction work(s);;
Yaju no seishun;Youth of the Beast;;
The Year of Living Dangerously;The Year of Living Dangerously;;
The Year of the Angry Rabbit;Night of the Lepus;;
Eric S. Hatch;The Horse in the Gray Flannel Suit;;
Henry Wilson Allen;Yellowstone Kelly;;
;Eyes Without a Face;;
Joan Henry;Yield to the Night;;
Isabel Pisano;Whore;;
You Only Live Twice;You Only Live Twice;;
Norah Lofts;Guilt Is My Shadow;;
Romain Gary;;
Young Adam;Young Adam;;
Katharine Brush;Young Man of Manhattan;;
Young Man with a Horn;Young Man with a Horn;;
Fiction work(s);;
Jef Geeraerts;De Zaak Alzheimer;;
;Zarak;;
Zathura;Zathura;;
Zazie in the Metro;Zazie in the Metro;;
Tomas Ross;06/05;;
Zona Zamfirova;Zona Zamfirova;;
Zorba the Greek;Zorba the Greek;;
ZuqÄ?q al-Midaq;El callejÃ³n de los milagros;;